,Gen,Price,Mismatch,Num_NT,Num_VI,Num_TF,Mean_TF,Mean_VI,Mean_NT,Dividends,RDiv,WShare_TF,WShare_VI,WShare_NT,Pos+,Pos-,Rep,Volume,NT_cash,NT_lending,NT_loans,NT_nav,NT_pnl,NT_signal,NT_stocks,NT_returns,VI_cash,VI_lending,VI_loans,VI_nav,VI_pnl,VI_signal,VI_stocks,VI_returns,TF_cash,TF_lending,TF_loans,TF_nav,TF_pnl,TF_signal,TF_stocks,TF_returns
0,0.0,90.25,9663.552346075885,32.0,36.0,32.0,2.0,86.28754478830311,86.28754478830312,0.003984918103271502,0.07017902154101616,32.0,36.0,32.0,50000000.00000003,162587.2089953606,0.0,34943187.88275291,84503438.79831289,458546.7378697279,0.0,100000000.0,100000000.0,86.05526051962316,12143293.104092361,0.0,6203857.079998784,0.0,0.0,100000000.0,100000000.0,86.28754478830311,88925315.3669229,0.0,64321102.08018045,0.0,0.0,100000000.0,100000000.0,0.0,30807810.484000657,0.0
1,1.0,103.88,1014.7598199096392,32.0,36.0,32.0,2.0,100.92319568081025,100.92319568081025,0.0040251218661165235,1.595307832082692,32.04941418328203,36.05568945648563,31.894896360232387,50000000.00000002,16152.499332026753,0.0,4150382.938306161,78670327.81156074,52435.05095659185,0.0,94670273.52652395,-5329726.473476038,100.98887512602239,18578311.098561935,-0.053297264734760375,6287714.497245939,0.0,0.0,95129172.44692178,-4870827.553078283,100.92319568081025,102275609.84529878,-0.04870827553078281,70478457.10601304,0.0,0.0,95128912.56418116,-4871087.435818864,0.0,29307135.098263618,-0.0487108743581887
2,2.0,107.28,26199.44888599112,32.0,36.0,32.0,2.0,101.94140787979667,101.94140787979666,0.004019690492988064,-0.2204738703728881,31.326417369304977,38.3423340585138,30.331248572181135,50000000.00000004,82905.71128262489,0.0,16312811.19842597,86471753.17661947,277941.3970749999,0.0,96615631.63733599,1945358.1108120363,102.43936598578874,11903446.751200736,0.02074277568238131,23310865.28646508,0.0,0.0,108563324.34254467,13434151.895623028,101.94140787979667,88604192.03865866,0.14122010683020225,43312960.82747578,0.0,0.0,99785592.20427659,4656679.640095502,0.03273007316134002,57435726.735308394,0.048951254824381125
3,3.0,106.42,-16201.337138356932,32.0,36.0,32.0,2.0,101.80385134316198,101.80385134316198,0.00402003813592269,0.007460825207318934,31.130397727813907,38.90328868653956,29.966313585646503,50000000.00000001,52648.41950638565,0.0,10787698.856041556,83572920.04128891,175088.9001209238,0.0,96981310.39782012,365678.76048412314,102.31549907138482,14512962.543010456,0.0037314759385355745,10928986.930549918,0.0,0.0,111915057.32512379,3351732.9825790375,101.80385134316198,100280004.86830534,0.03087352936985856,60256731.77044486,0.0,0.0,100748687.56278418,963095.3585074991,-0.008016405667412352,40035431.03920508,0.009651647469665686
4,4.0,105.7,-15116.95970977575,32.0,36.0,32.0,2.0,101.81265584930453,101.81265584930453,0.004027449573304564,0.28639793835564675,31.10741085556013,38.805143537946456,30.0874456064934,50000000.00000005,213508.3748947155,0.0,7863874.334186625,81860282.61778161,705244.8508241072,0.0,97003733.5252403,22423.12742018001,101.90917444711758,17407422.265953485,0.0004241620183427542,1927857.3959220962,0.0,0.0,111208991.79885532,-706065.5262684524,101.81265584930453,108606889.9785098,-0.006308941291226479,71577972.28673142,0.0,0.0,100292162.80964993,-456524.75313420594,-0.006765645555346755,28447249.142291423,-0.00453132208645111
5,5.0,105.83,14732.594306047416,32.0,36.0,32.0,2.0,102.00036006951255,102.00036006951254,0.003999479945175666,-1.1087130375928658,31.183494982183642,38.767394385350805,30.0491106324655,49999999.999999985,276564.7505350481,0.0,1300618.7698668926,81884118.50912288,914651.4859101294,0.0,96386532.24966675,-617201.2755735088,102.00400515549143,16804770.062541615,-0.006390176606285483,1938489.6886169692,0.0,0.0,110534747.37443173,-674244.4244235009,102.00036006951255,108734018.84338151,-0.006062858888632067,71345192.50313808,0.0,0.0,100025221.42902279,-266941.3806271404,0.0012298959318826075,28718932.41792762,-0.002661637491393851
6,6.0,105.28,19794.387562219115,32.0,36.0,32.0,2.0,101.29199312705134,101.29199312705136,0.003976252787967484,-0.928187329668245,31.195026024570538,38.81496750115545,29.990006474274075,49999999.99999997,287305.5875787641,0.0,2750083.2195913894,82693653.81991866,945235.3831341339,0.0,96198789.89239106,-187742.35727572208,101.24697601622728,17006438.888597187,-0.0020712834992179545,3502794.2273038663,0.0,0.0,110672508.5319986,137761.1575666964,101.29199312705134,106608787.35126682,0.0012463153970944196,68757610.65200974,0.0,0.0,100064124.92106576,38903.49204291403,-0.005197014079183604,31161166.800705202,0.00038893682500387873
7,7.0,104.6,-6748.411897320097,32.0,36.0,32.0,2.0,100.70373538340895,100.70373538340895,0.0039555327330317355,-0.8334809294523614,31.23516880573843,38.72418344653743,30.04064774772419,50000000.000000015,377769.1520839259,0.0,2378091.287979223,81755260.19396223,1234832.9158743327,0.0,96097601.24903843,-101188.643352665,100.800460814353,18713581.135998797,-0.0007363809770790114,2518971.024060383,0.0,0.0,110111581.57857072,-560926.9534278959,100.70373538340895,106908170.57426512,-0.005068349501319171,70525554.71432494,0.0,0.0,99918777.45271493,-145347.4683507532,-0.006458966565349611,29195856.346827034,-0.0014525432413006031
8,8.0,104.02,-13849.969345460282,32.0,36.0,32.0,2.0,100.1789732416022,100.17897324160218,0.003992918222333746,1.494101704775334,31.304578786448666,38.645330591240864,30.050090622310563,49999999.99999999,464182.90676241415,0.0,1743302.17161076,81588754.37686327,1508884.5612945724,0.0,95725211.95108695,-372389.2979514478,100.29260792488208,18130495.657895546,-0.003627164877643848,2167954.5821020748,0.0,0.0,109427141.59832563,-684439.9802450687,100.1789732416022,106670568.89203106,-0.006215876390411154,70825296.66147321,0.0,0.0,99721411.06115197,-197366.3915630281,-0.005544933078393877,28738138.846410397,-0.00197526827884207
9,9.0,104.83,5065.459281074029,32.0,36.0,32.0,2.0,101.12580902458909,101.12580902458907,0.003990168913729663,-0.11557156111917524,31.369998834441617,38.57889574870583,30.05110541685249,50000000.00000001,565619.1653327731,0.0,1625774.913643163,82016619.19479422,1852933.0344323313,0.0,95377475.52691807,-347736.42416887544,100.94623054464869,20842964.85893377,-0.003395808820279451,1499731.4006988606,0.0,0.0,108838523.47413303,-588618.1241925061,101.12580902458909,108173608.74298038,-0.005379087085662424,70817514.04872607,0.0,0.0,99563435.50788356,-157975.5532683283,0.0077869640453758215,28973617.20622087,-0.0015841688518772896
10,10.0,104.99,12546.774961632254,32.0,36.0,32.0,2.0,101.05617923470477,101.05617923470477,0.003929841822078165,-2.4063242598971777,31.349489081130205,38.760744848749,29.889766070120693,49999999.999999955,929373.0560967298,0.0,3193880.677211567,82396482.46149048,3049214.911237364,0.0,95144567.15272051,-232908.37419757154,100.77831136143081,21272443.58477015,-0.0022443777271195535,3650465.725446164,0.0,0.0,109673340.14367916,834816.6695461273,101.05617923470477,106192097.23689751,0.007670231485127904,66834064.966583,0.0,0.0,99791131.25494686,227695.74706333876,0.001526280644853495,33005175.555198185,0.0022869414449374777
11,11.0,103.51,-25143.863024670587,32.0,36.0,32.0,2.0,99.5283177535366,99.5283177535366,0.003919134096679512,-0.43880440799860426,31.45690354589743,38.934794090657626,29.6083023634449,49999999.99999997,1025109.4014517078,0.0,1799341.5270962673,81221612.48290095,3315908.567008321,0.0,93972072.51478258,-1172494.6379379113,99.5291088523512,21760276.65753264,-0.012133387694161547,3321268.202787575,0.0,0.0,109842562.96234371,169222.81866456568,99.5283177535366,105028457.55876733,0.0015429713223183768,68124796.96375853,0.0,0.0,99839240.52178109,48109.26683418453,-0.014096580626726252,31253069.965793498,0.0004820996237759316
12,12.0,102.85,27693.650620741915,32.0,36.0,32.0,2.0,99.25713078364193,99.25713078364193,0.00394065813296654,0.8655658788258305,31.566846856531825,38.718798450339655,29.71435469312853,50000000.00000005,923277.6930334087,0.0,4033408.123702715,80987656.78733303,2967472.21026519,0.0,93545902.7634942,-426169.75128839724,99.0717207511172,22980747.529053986,-0.004496596599488951,10285.0,0.0,487495.39800939005,108349725.76155485,-1492837.200788796,99.25713078364193,108161398.33957,-0.013590698910590514,72992730.92506307,0.0,0.0,99377866.92955208,-461373.5922290385,-0.006376195536663243,26189760.15202447,-0.00462116488284368
13,13.0,103.47,-16245.250136131275,32.0,36.0,32.0,2.0,99.80225479114735,99.80225479114735,0.003943949301708993,0.12631286990943918,31.57203514879,38.563107721499065,29.864857129710906,50000000.0,1169361.3577292487,0.0,2679272.164057929,80291392.67747456,3781056.8651326676,0.0,93819448.50329246,273545.73979825014,99.69120935246569,23063077.04529276,0.0041207157847770095,1919100.6798346357,0.0,0.0,107684187.94156063,-665537.8199944198,99.80225479114735,106908751.82581477,-0.006142496580554965,70740265.95302151,0.0,0.0,99182491.07708745,-195375.8524645865,0.006028196402527941,28603999.434786882,-0.0019659895960846743
14,14.0,103.88,-5269.336505140236,32.0,36.0,32.0,2.0,99.88560788860273,99.88560788860272,0.003965771432356018,0.8720787085243812,31.551632372696194,38.884060678889995,29.564306948413776,50000000.00000003,1223175.5740755387,0.0,3491884.984645917,80120504.93487814,3970733.7073427173,0.0,93086922.43864605,-732526.0646463991,100.0054252741765,22402471.04524435,-0.008481721380613946,5168290.638435562,0.0,0.0,108827852.50564954,1143664.5640889257,99.88560788860273,104087366.53851266,0.01062054314519773,67078413.66176933,0.0,0.0,99344265.38780834,161774.31072089076,0.003962501208079505,32383093.067582842,0.0016310773097557626
15,15.0,104.42,10241.43067567268,32.0,36.0,32.0,2.0,100.43828152062873,100.43828152062875,0.003952558444729977,-0.5351683059285917,31.54246303332213,38.97956828862033,29.477968678057437,50000000.00000006,1100267.6614665634,0.0,1711190.675364748,80086504.70939755,3590310.912823079,0.0,92951624.5114687,-135297.92717736727,100.64799808566696,22541627.2355872,-0.0018029823735786574,4893376.919522921,0.0,0.0,109255657.1769481,427804.6712987125,100.43828152062873,104907523.24085711,0.0039310218978776965,67814362.44230527,0.0,0.0,99461506.72935212,117241.34154374897,0.0051983057373894415,31819376.840168566,0.0011801520811098266
16,16.0,104.16,-14869.401290575042,32.0,36.0,32.0,2.0,100.10364555041495,100.10364555041495,0.003971410981247644,0.7508989018522665,31.473672448867553,39.02109155008224,29.505236001050143,49999999.99999999,1205014.9513274208,0.0,1232468.1427969171,79931817.79501565,3922323.6665707547,0.0,93402414.2232649,450789.7117961794,100.34362201204348,22708581.621985417,0.0065035445067768635,5184139.192802618,0.0,0.0,109800900.16037992,545242.9834318161,100.10364555041495,104359731.64188801,0.004990524038025347,67322221.91151454,0.0,0.0,99633739.28247371,172232.55312165618,-0.0024899444550853245,32236189.352957822,0.0017316503518323286
17,17.0,104.54,-24607.62175409405,32.0,36.0,32.0,2.0,100.5811103772303,100.5811103772303,0.003944730978976781,-1.072720211655943,31.52216637335636,39.01923089669577,29.458602729947955,50000000.0,928339.1798781398,0.0,2264900.194563938,79333186.58729781,3032768.0582643976,0.0,93040930.34493399,-361483.8783309022,101.1063859618579,23575410.646250997,-0.004664703001116868,4393389.98496768,0.0,0.0,109543870.83469057,-257029.3256894201,100.5811103772303,105535365.98361681,-0.002340867199758762,69712240.07756716,0.0,0.0,99558411.26447244,-75328.01800139248,0.0036482334869432087,29967673.34200731,-0.0007560492915740963
18,18.0,104.05,15822.739980836945,32.0,36.0,32.0,2.0,99.90540487459121,99.90540487459123,0.0039181761081660245,-1.0748975305943191,31.41189510213186,38.97178716177838,29.61631773608982,49999999.99999999,840361.3092228136,0.0,2125546.7468053587,79601694.25205147,2732487.3195198053,0.0,93981976.51372164,941046.1687876848,100.6459157482157,21351489.97609822,0.011478505990800327,6154078.054683803,0.0,0.0,109928755.96858452,384885.13389390707,99.90540487459121,103284145.81541218,0.0035135250467342558,67775471.85783607,0.0,0.0,99679913.41957459,121502.15510214865,-0.004687201071360336,31767862.671601295,0.0012204107474092138
19,19.0,103.37,-26266.140094488626,32.0,36.0,32.0,2.0,99.23286848772982,99.23286848772982,0.003951037132098509,1.3250975979109207,31.41371031181985,38.85336233400394,29.732927354176173,50000000.00000005,832450.0292893713,0.0,2001633.6342119412,77339417.37906687,2689073.7352388226,0.0,94217292.53811146,235316.0243898295,100.49837602043041,24022837.27864408,0.002600487222492637,6196595.164826692,0.0,0.0,109438223.8700961,-490532.09848843515,99.23286848772982,102570800.02829422,-0.004462272807204514,70045627.09757975,0.0,0.0,99543334.52943742,-136578.89013713598,-0.006535319557904762,29293993.4145095,-0.0013701746465433365
20,20.0,104.06,-1631.1272490026968,32.0,36.0,32.0,2.0,100.06511634393736,100.06511634393735,0.00396842487738115,0.6923379457911663,31.449343763889285,38.73828067905042,29.81237555706032,49999999.99999997,920921.9277557635,0.0,1662272.4921081017,77100770.95944935,2994722.993820773,0.0,94168898.93272635,-48393.605385121424,101.27880964397785,25437765.84581265,9.969770516639131e-05,5354968.018896273,0.0,0.0,108767395.19312097,-670828.6769750416,100.06511634393736,104101274.80551924,-0.006129747479923649,70937780.70824672,0.0,0.0,99339620.51208925,-203714.01734815538,0.006675050788429893,28601284.27057049,-0.002046485767340977
21,21.0,104.7,5931.0293518987455,32.0,36.0,32.0,2.0,100.50548344161184,100.50548344161184,0.003992460703375869,0.9552137570694769,31.4343841841588,38.88700167776493,29.678614138076405,50000000.000000045,1032246.1074803863,0.0,3009369.6658224566,78079189.16131616,3377380.2329123896,0.0,93979302.53266971,-189596.4000566504,101.60204238175254,25336471.464253377,-0.001019393431995999,7567047.200062513,0.0,0.0,109456242.82441565,688847.6312945783,100.50548344161184,102533659.44226302,0.006333218057410501,67100468.01509863,0.0,0.0,99539064.97881714,199444.46672795713,0.006150297905054725,32618409.762176603,0.002007703126907812
22,22.0,105.3,9392.453832369203,32.0,36.0,32.0,2.0,101.11422176630235,101.11422176630235,0.003978882244286705,-0.5461642410931177,31.428670790495786,39.03833263562419,29.53299657388,49999999.999999985,992714.0507906165,0.0,1317810.5311077458,78410521.78459573,3266649.6733828722,0.0,93704162.52659377,-275140.0060759126,102.18502366971242,25019006.603371337,-0.002602649147511793,7143133.499219389,0.0,0.0,110100706.64232543,644463.8179099113,101.11422176630235,103549354.60728978,0.005887867162987947,67369084.78041793,0.0,0.0,99718877.77727523,179812.79845805466,0.005730659025787954,32540620.787653454,0.0018064545663184636
23,23.0,105.04,-18610.764841435594,32.0,36.0,32.0,2.0,100.77032975944427,100.77032975944425,0.0039630935839610575,-0.636186891395291,31.383912108182006,39.11740816640904,29.498679725408955,50000000.00000001,995455.4723303933,0.0,1041881.7919846195,78005412.3959065,3267582.587924516,0.0,93908127.06374134,203964.53714757226,101.98060954151941,25513056.869866874,0.002933737505056805,7528131.783896508,0.0,0.0,110692488.10650918,591781.4641836435,100.77032975944427,102912860.31122078,0.005374910681600906,67352434.31293958,0.0,0.0,99909705.56807141,190827.7907961905,-0.0024691358024691024,32480822.085400946,0.001913657624812118
24,24.0,104.55,24115.236852393893,32.0,36.0,32.0,2.0,100.37046155279903,100.37046155279903,0.003946326133442137,-0.6779027111951823,31.39884573113027,39.07700472846504,29.52414954040473,50000000.00000003,941633.2247641906,0.0,2186405.357599158,77129380.81713085,3076492.301534254,0.0,93872622.46038215,-35504.60335921589,101.75741926838147,24542147.636404164,-0.00029003929252416393,6417897.975545109,0.0,0.0,110440992.09511745,-251496.01139175892,100.37046155279903,103547179.97846796,-0.0022720241968882966,69680839.59291624,0.0,0.0,99833256.39834055,-76449.16973096132,-0.004664889565879737,30004794.87117947,-0.0007651826146046864
25,25.0,104.1,26270.29547899768,32.0,36.0,32.0,2.0,99.94580422084529,99.94580422084529,0.003947854825836757,0.055225000634334775,31.407958368857468,38.97754109804303,29.6145005330994,50000000.000000045,1107357.4235833373,0.0,1384241.366869875,76143470.9733235,3602372.118594544,0.0,93993383.470175,120761.0097928464,101.38011648344063,26697620.591986943,0.0012324656278933596,6307674.114278547,0.0,0.0,109965077.95401299,-475914.14110431075,99.94580422084529,103215884.60343944,-0.004309216460989678,70277152.30245326,0.0,0.0,99685634.46409564,-147621.93424478173,-0.004304160688665792,29283235.85223541,-0.0014786849549989788
26,26.0,104.14,28731.63261848352,32.0,36.0,32.0,2.0,99.98452032935243,99.98452032935242,0.003930544504166013,-0.7023243282917084,31.489211937543494,38.970437375806085,29.540350686650445,50000000.00000002,1169988.6958404141,0.0,1199845.408892538,75501251.50912867,3807581.962025648,0.0,93398614.94221874,-594768.5279562373,101.46747151716465,27532848.62858598,-0.007048879391214365,6757571.539414309,0.0,0.0,109523558.7177181,-441519.2362950444,99.98452032935243,102809795.79231034,-0.004015085921001995,70220260.73051494,0.0,0.0,99560388.15468869,-125246.30940705538,0.00038424591738728253,29355273.70459377,-0.0012564128229746682
27,27.0,103.8,-5604.706637021125,32.0,36.0,32.0,2.0,99.54611408460676,99.54611408460674,0.003924536033139141,-0.24893569145448863,31.507004568443822,39.00212043037577,29.49087500118038,50000000.00000005,1286641.9203759918,0.0,1896059.4962683618,75477552.5982792,4173544.7292196234,0.0,93203707.5381858,-194907.4040329652,100.96445073210313,27493894.561495934,-0.0020569185814829525,7823611.102759861,0.0,0.0,109567367.33172466,43808.61400666833,99.54611408460676,101412243.6818047,0.000399992609074903,68690918.72995137,0.0,0.0,99575534.43510866,15146.280420005322,-0.003264835797964327,30792665.46102067,0.00015213159270203219
28,28.0,103.56,-4469.206918935844,32.0,36.0,32.0,2.0,99.39394179863437,99.39394179863437,0.003951946930326068,1.1024857583369074,31.56630367851489,38.99330444160574,29.440391879879282,50000000.000000015,1272018.1736850603,0.0,1603452.9323420846,75522181.4561828,4116568.8145882757,0.0,92783612.99522828,-420094.542957535,100.80032351253234,27390228.81404538,-0.00532380620361814,6900042.805650714,0.0,0.0,109235854.78456454,-331512.5471600741,99.39394179863437,102105502.89046748,-0.003025650385085839,69754525.27744272,0.0,0.0,99483584.1909719,-91950.2441366911,-0.0023121387283236983,29661761.801839583,-0.0009234220499877225
29,29.0,104.28,9577.57883698358,32.0,36.0,32.0,2.0,100.08815815864227,100.08815815864227,0.003960058845340298,0.319577880366238,31.57558614022045,38.94888213374686,29.475531726032646,50000000.00000003,1138283.0505671888,0.0,1224652.1712711316,74996420.25522597,3709379.891035827,0.0,92804228.90256745,20615.907339195954,101.87691619008474,28221679.247868456,0.00019147503227470828,7788773.058525743,0.0,0.0,109005545.69611822,-230309.08844649792,100.08815815864227,101930840.02042423,-0.002108365324743552,69699914.44571859,0.0,0.0,99416287.0792823,-67297.11168964207,0.006952491309385911,29926497.955661528,-0.0006764644864468925
30,30.0,104.73,-5082.596027691296,32.0,36.0,32.0,2.0,100.29360287923886,100.29360287923888,0.003976265518391814,0.6434012919407017,31.4878658525293,39.012656599689294,29.499477547781353,50000000.00000002,1145655.8092153664,0.0,2937560.895000956,74639736.27697966,3749516.653097667,0.0,93335227.27658738,530998.3740199262,102.38780611500005,28784234.50266528,0.0057839942141469656,10465668.883313218,0.0,0.0,109719613.07894991,714067.3828317672,100.29360287923886,99698007.20832443,0.006550743618333135,67017256.40501636,0.0,0.0,99626412.40138008,210125.32209779322,0.004315304948216303,32742200.338525526,0.0021135905219455946
31,31.0,105.16,-7680.059139605175,32.0,36.0,32.0,2.0,100.70405779784063,100.70405779784065,0.004012218523150147,1.4290892657258323,31.462764159311856,39.087126244005965,29.45010959668212,49999999.999999985,1120216.0286217758,0.0,1104629.4076968804,73829326.55253312,3681309.9240583107,0.0,93377902.82908922,42675.552501863334,103.08162441563553,28773792.52034883,0.0006659304912246745,10501744.083410328,0.0,0.0,110163676.09163763,444063.0126877576,100.70405779784063,100075506.46837477,0.004047252813115802,67867645.87642962,0.0,0.0,99759456.74354176,133044.34216171503,0.004105795856010674,32030158.724353224,0.001335432431569442
32,32.0,106.06,3076.0756423157145,32.0,36.0,32.0,2.0,101.6146140603545,101.61461406035448,0.004012920196423049,0.021493749076753735,31.43180665445338,39.14098132903022,29.4272120165163,49999999.99999998,1188766.4441377677,0.0,1083410.5763846592,73431629.56049582,3940017.783289113,0.0,93526723.0512582,148820.22216898855,104.02449562202793,29475276.908845447,0.0019942827637103233,10363351.560084522,0.0,0.0,110577250.55178511,413574.46014754474,101.6146140603545,101074619.29501359,0.003754181730496363,68174688.50937678,0.0,0.0,99897804.60078289,138347.8572410643,0.008558387219475216,32001158.587961905,0.0013868144610763489
33,33.0,106.16,-7267.335711188673,32.0,36.0,32.0,2.0,101.63238484188375,101.63238484188375,0.004044787333855109,1.2543477151495173,31.404677912481567,39.30221599064544,29.2931060968731,50000000.000000075,1218867.7990509656,0.0,1446370.6341801968,74333720.4983839,4043593.9233515775,0.0,93440274.26564363,-86448.78561460343,103.80200094589723,28392757.606983725,-0.0017777956340023333,10680712.828619437,0.0,0.0,111437970.85509823,860720.303313002,101.63238484188375,100856823.89808188,0.007783882299640941,66824391.93249293,0.0,0.0,100175847.09733866,278042.4965557605,0.0009428625306429073,33385551.482335214,0.002783269338769647
34,34.0,106.83,23996.25073152274,32.0,36.0,32.0,2.0,102.43946123931393,102.43946123931393,0.004033564013212472,-0.4467479941668083,31.40895922334668,39.32930756653336,29.261733210119907,50000000.000000075,1126120.269028062,0.0,2081085.3280992857,73916213.6257922,3759482.1356333713,0.0,93359242.13070661,-81032.13493701769,104.60183519802172,29058914.596262794,-0.0006716980342087197,9144114.854015727,0.0,0.0,111537536.72670129,99565.8716031611,102.43946123931393,103034205.2571111,0.0008934645062105968,69267064.08793765,0.0,0.0,100209943.41482815,34096.31748946011,0.006311228334589414,31157508.111919884,0.00034036465353099994
35,35.0,106.61,-2580.527859261725,32.0,36.0,32.0,2.0,102.15521615420779,102.1552161542078,0.004024009710807064,-0.38228768437009664,31.34425448598143,39.389403941621076,29.266341572397526,50000000.00000006,1175082.4044806785,0.0,1638419.1832891847,75369605.11812285,3914860.4731776603,0.0,93767099.59962231,407857.46891573095,103.85447879852008,27224345.583230276,0.004571485253152479,9254528.246974997,0.0,0.0,112178320.11112688,640783.3844255209,102.15521615420779,102715852.82058243,0.0057450021152576,67546456.80166958,0.0,0.0,100424572.1998576,214628.78502945602,-0.0020593466254796855,32817870.2636478,0.0021417913004997974
36,36.0,106.17,17313.765593609336,32.0,36.0,32.0,2.0,101.91324111074015,101.91324111074013,0.004030591435001121,0.2533773344124965,31.373114021999125,39.376211542644235,29.25067443535668,50000000.00000001,1170598.3607645375,0.0,2568584.2074725027,75847246.71359259,3883825.8738240916,0.0,93574525.43131982,-192574.16830253112,103.30964731783665,27610475.352306843,-0.0018406151349451472,6739020.165955278,0.0,0.0,111970381.06755744,-207939.0435693711,101.91324111074015,104811679.07457735,-0.0018536473301024742,69942178.61669868,0.0,0.0,100364327.0653173,-60245.13454020023,-0.0041271925710533175,30290628.04593491,-0.0005999043184401604
37,37.0,106.26,-7616.586224389743,32.0,36.0,32.0,2.0,102.07993177326806,102.07993177326806,0.004030733097935349,-0.0006888400893528331,31.39521144353736,39.307764036364496,29.29702452009813,50000000.00000004,1207990.4198515983,0.0,1294038.9671524602,75679216.55023074,4011283.1879197136,0.0,93534104.70875822,-40420.72256159643,103.40066290936753,29009851.125438537,9.648665100150024e-05,6163454.579123118,0.0,0.0,111550699.24053276,-419681.82702483237,102.07993177326806,105480338.78818096,-0.0037481503860526924,70642646.91538711,0.0,0.0,100232806.66263346,-131520.4026838392,0.0008476970895734404,29619763.70713723,-0.0013104297764906586
38,38.0,106.41,-26282.501768794144,32.0,36.0,32.0,2.0,102.0835195699709,102.08351956997089,0.004009542702844497,-0.8408238570625304,31.40197084887506,39.33741981054174,29.26060934058328,50000000.00000009,1204171.3521700327,0.0,1844883.2581574733,75138867.14445014,4004246.0495129116,0.0,93425321.7063899,-108783.00236830045,103.68479014114432,31062901.393533625,-0.0013622657728074809,7976214.88151959,0.0,0.0,111643793.36730422,93094.12677149475,102.0835195699709,103820706.21763615,0.0008345454345450519,69163024.60722731,0.0,0.0,100262410.62252428,29603.959890782833,0.0014116318464143518,31145116.178069975,0.0002953519997741326
39,39.0,105.97,-3807.345865647061,32.0,36.0,32.0,2.0,101.54684545650481,101.54684545650481,0.004006458507817766,-0.12837712634947748,31.39134464668714,39.360091911139776,29.248563442173126,50000000.0,1032100.3920331527,0.0,1305752.759420726,74966103.79266144,3417864.9544922872,0.0,93461081.47153953,35759.76514962176,103.43896613673937,29902843.221959,0.0008999931526955331,8936645.569412552,0.0,0.0,111796921.09915586,153127.73185162246,101.54684545650481,102435209.40738215,0.0013715740681422167,68854026.96814273,0.0,0.0,100308140.78529735,45730.16277295351,-0.004134949722770398,31329246.954718117,0.00045610476038843677
40,40.0,105.72,-27773.808247426365,32.0,36.0,32.0,2.0,101.46873423561296,101.46873423561297,0.003975257515945718,-1.2425231298303259,31.360980541539877,39.22133650701286,29.41768295144715,50000000.00000002,1131387.8064776582,0.0,2174382.1076707747,75201886.99294075,3737822.465650563,0.0,93975371.25463842,514289.7830988809,103.06751668436772,27261775.305360977,0.006753244720190745,7010617.70438552,0.0,0.0,111371854.97679473,-425066.12236103415,101.46873423561296,104123769.67197643,-0.0038021272695339383,70477385.05016679,0.0,0.0,100183273.92286077,-124866.86243642867,-0.002359158252335569,29635889.14907146,-0.0012448327868392823
41,41.0,104.92,-2296.7436213992187,32.0,36.0,32.0,2.0,100.678528834515,100.678528834515,0.004023208955463602,1.908590104597812,31.40771977621563,39.22344404030408,29.36883618348036,49999999.99999997,1298867.4119982761,0.0,1396622.3259519367,75706716.37161392,4258661.527089347,0.0,93614256.96289599,-361114.29174243263,101.99224160501247,31286865.442105625,-0.0045883676638695135,6738558.821949192,0.0,0.0,111134387.37636186,-237467.60043288767,100.678528834515,103612147.77593993,-0.002132204770068397,69770163.01428701,0.0,0.0,100113274.19923827,-69999.7236226201,-0.007567158531971208,30122775.287709467,-0.0006987166707739905
42,42.0,105.88,-17874.618522435747,32.0,36.0,32.0,2.0,101.89296094785426,101.89296094785428,0.004030479824532685,0.28062082864651,31.5124393068687,39.16290284029893,29.324657852832395,50000000.000000015,1410825.3697963192,0.0,2394308.204860286,75656704.7728292,4668068.44231357,0.0,92957774.83597219,-656482.1269237897,103.05410004124509,31594535.739709962,-0.006363177328216082,4705387.9254891565,0.0,0.0,110350706.59788905,-783680.7784727812,101.89296094785426,106597596.39844026,-0.007051649781618075,71710456.30164886,0.0,0.0,99892938.30199638,-220335.89724177122,0.009149828440716767,28462029.173017833,-0.0022008659591262053
43,43.0,106.34,-18550.504996157222,32.0,36.0,32.0,2.0,102.0771050940606,102.07710509406058,0.003998887835327596,-1.2505550351179597,31.491054772432737,39.36389722143124,29.145048006135983,50000000.00000001,1397368.699276871,0.0,3426536.6840733932,77501620.88064311,4643630.858784452,0.0,92709879.6515662,-247895.1844059648,103.03382211790681,27762178.117485937,-0.0029399149301436184,7510585.902892528,0.0,0.0,111302984.32392932,952277.7260402739,102.0771050940606,104259734.57972433,0.008629557122006588,66746436.28020619,0.0,0.0,100172485.47466663,279547.17267021537,0.00434454098979975,33553613.93465161,0.002798467813861756
44,44.0,105.6,13099.590790626491,32.0,36.0,32.0,2.0,101.27699718070748,101.27699718070748,0.003996405340770707,-0.10481659194033538,31.45644698084185,39.4355167007071,29.10803631845108,50000000.00000001,1347030.3185250247,0.0,1432601.856451859,76551368.97757375,4445200.051132581,0.0,92812055.54380167,102175.89223545161,102.39053913344675,27735231.638958488,0.0015287932301427981,7543899.387989693,0.0,0.0,111770320.4826169,467336.15868754685,101.27699718070748,103505113.58793116,0.0041987747366004175,67869945.12680393,0.0,0.0,100300050.21485773,127564.74019110203,-0.006958811359789485,32200523.53549123,0.0012734508841089184
45,45.0,105.29,10764.718169647123,32.0,36.0,32.0,2.0,101.21412480103795,101.21412480103795,0.004024251296856874,1.0998278889963373,31.477787730546392,39.29755169511132,29.224660574342288,50000000.00000003,1386064.9984809365,0.0,2930016.041145434,75971077.86480428,4560586.990314307,0.0,92907592.65566002,95537.11185836024,102.1191894563128,28449813.054063212,0.0006901279828577097,4915998.358927906,0.0,0.0,111049012.97592078,-721307.5066960603,101.21412480103795,105833404.30984722,-0.006453479810932832,71303593.6364882,0.0,0.0,100070468.6622953,-229581.5525625497,-0.002935606060605944,28676272.351188935,-0.0022889475336328505
46,46.0,106.08,-19259.7699551353,32.0,36.0,32.0,2.0,101.91935958935038,101.91935958935039,0.004030435775515321,0.2376915593720411,31.507505234994376,39.26407600793988,29.22841875706574,50000000.00000002,1289636.5086639856,0.0,1828996.9868621868,75348195.41806972,4275145.026221113,0.0,92747850.66503735,-159741.99062265945,103.20531408413737,29453033.611304,-0.0010228312880756977,6632146.4173738,0.0,0.0,110749402.66877507,-299610.30714580417,101.91935958935038,104915582.66740166,-0.002698000631583907,70293612.73467208,0.0,0.0,99979865.98767711,-90602.67461806536,0.007503086712888241,29905339.31691643,-0.0009053887308534499
47,47.0,106.44,-26473.214672487025,32.0,36.0,32.0,2.0,102.07598949582645,102.07598949582645,0.004040584671325868,0.393462047588009,31.424813496006543,39.35707234902792,29.218114154965697,49999999.99999996,1236768.7197355633,0.0,2677022.4137727255,76326063.62969282,4113801.954020417,0.0,93162825.60032661,414974.9352892225,103.41160584954255,28234711.803265214,0.004758064399440342,8654139.081918323,0.0,0.0,111547729.08477542,798326.4160003364,102.07598949582645,103253901.2460837,0.0072084038086231445,67214734.7759826,0.0,0.0,100198952.05158852,219086.06391134858,0.0033936651583710287,33089629.199727446,0.002191301836095195
48,48.0,106.65,-17011.397399965455,32.0,36.0,32.0,2.0,102.33302338492736,102.33302338492736,0.004062765985523238,0.8651834783471449,31.385404277225728,39.39324090095511,29.221354821819183,50000000.000000045,1302409.9522230108,0.0,1387450.8606273495,75802835.33493702,4340688.168893253,0.0,93388295.52812131,225469.92779469467,103.77752558576495,27822853.81484054,0.0030592752147107966,7854042.197374844,0.0,0.0,111908040.32800198,360311.2432266027,102.33302338492736,104261995.43577065,0.0032301082790557635,68423616.33175279,0.0,0.0,100304363.97570996,105411.92412152886,0.001972942502818542,31949963.76080715,0.001052026213480321
49,49.0,107.19,11232.396084477892,32.0,36.0,32.0,2.0,102.89479380408872,102.89479380408872,0.004057046116155065,-0.22976157638107655,31.395895442905005,39.45242678129746,29.15167777579751,50000000.00000006,1218005.8642805535,0.0,1297792.795497014,75720885.05166247,4079939.018507266,0.0,93198751.70888795,-189543.81923335255,104.32324373191578,28045189.866316218,-0.002600900173354919,7638724.411886879,0.0,0.0,112116037.63314545,207997.30514356494,102.89479380408872,105009499.52926545,0.0018586448706806576,69020961.30741924,0.0,0.0,100373580.09255993,69216.1168499291,0.005063291139240533,31518322.46502411,0.0006900608717950763
50,50.0,107.15,10400.170275922239,32.0,36.0,32.0,2.0,102.74993072772112,102.74993072772111,0.0040485389682645544,-0.3391379769083335,31.338242857437614,39.501694514072575,29.16006262848971,50000000.00000007,1380809.1021563774,0.0,1796206.239111655,75221578.3654217,4623552.9780017445,0.0,93551250.6162147,352498.90732676885,104.23839425685392,31174449.877794553,0.004243175611622433,8470551.324657833,0.0,0.0,112648223.94115245,532186.3080068529,102.74993072772112,104142757.18926005,0.004746745597166194,68053259.33798057,0.0,0.0,100539283.77244331,165703.67988334596,-0.0003731691389121661,32478190.290419344,0.001650869479105373
51,51.0,106.88,-1597.3221873498114,32.0,36.0,32.0,2.0,102.53447622426849,102.53447622426849,0.00403289559512521,-0.6196521128585959,31.393897931197785,39.56266488774876,29.043437181053402,49999999.99999998,1334795.5209426247,0.0,1785866.5155718296,74744542.30243787,4458217.039948367,0.0,93004661.23708476,-546589.3791299337,104.06858326643297,31780889.83922521,-0.0059714206741554934,7683978.354336323,0.0,0.0,112613308.51391794,-34915.42723444104,102.53447622426849,104671162.20690867,-0.00030995097847863885,69592890.98904227,0.0,0.0,100531449.6283999,-7834.144043341279,-0.002519832011199319,30860644.985233095,-7.79212239175363e-05
52,52.0,106.47,-24947.39661564048,32.0,36.0,32.0,2.0,102.13828760318894,102.13828760318894,0.004015906186257188,-0.6750148008133348,31.393504810010178,39.50208733677467,29.10440785321511,50000000.00000003,1311956.4943129264,0.0,1189175.2204315742,74437656.59259939,4365125.24842179,0.0,93128839.83443263,124178.59734785231,103.62523119113014,30776710.289342295,0.0016572518663390775,7563558.082508736,0.0,0.0,112355140.56124495,-258167.95267300308,102.13828760318894,104394293.33879514,-0.0022925172528884177,70140686.86030155,0.0,0.0,100453535.97427544,-77913.65412458777,-0.003836077844311392,30198387.525270674,-0.0007750177124928005
53,53.0,106.0,-17238.062452891725,32.0,36.0,32.0,2.0,101.70800888948575,101.70800888948574,0.003979096063796875,-1.4613385346416647,31.410268973361827,39.42835360403271,29.1613774226054,50000000.00000003,1296621.3073248935,0.0,1332270.9704454835,74590782.67897558,4295058.080513709,0.0,93155064.06118435,26224.226751705166,103.22352658177518,30467245.709772546,0.0010007731396531247,7209926.046650885,0.0,0.0,111957851.42130378,-397289.1399411261,101.70800888948575,104291289.24622388,-0.0035360121304335293,70467756.21446754,0.0,0.0,100339074.3855723,-114461.58870311081,-0.0044143890297736466,29741923.39618257,-0.0011394480800797563
54,54.0,105.02,6888.280769505145,32.0,36.0,32.0,2.0,100.77574501459016,100.77574501459017,0.004008271154187344,1.157664958097065,31.43392215121434,39.34785144271841,29.21822640606725,50000000.000000045,1393709.2500167044,0.0,1097704.201493209,75078129.01774895,4573979.544898571,0.0,93146158.88079129,-8905.180393056478,102.0471279963411,29593601.32992659,0.00021452006508819414,6578732.946235566,0.0,0.0,111501215.29287478,-456636.1284291148,100.77574501459016,103962508.66433285,-0.004078643191452171,70423921.7358794,0.0,0.0,100209679.61065009,-129394.77492213249,-0.009245283018867956,29514706.300079234,-0.0012895751302718632
55,55.0,105.65,13377.251589939231,32.0,36.0,32.0,2.0,101.51464184513371,101.51464184513372,0.004023154050446858,0.5831595792522906,31.526691843778785,39.23032259768519,29.242985558536088,50000000.00000009,1296540.4580065077,0.0,1616536.548006896,73820306.5208571,4280609.35588711,0.0,92699350.47029532,-446808.41049596155,103.21313466615148,31416510.03906602,-0.004879251423237469,6382912.2449311605,0.0,0.0,110541241.61056848,-959973.6823063046,101.51464184513371,104786229.00936925,-0.008609535598197653,72207766.47329204,0.0,0.0,99938628.03595872,-271051.57469148934,0.005998857360502763,27911844.191047315,-0.0027048442400436773
56,56.0,106.34,396.2697471326683,32.0,36.0,32.0,2.0,101.8915704074203,101.89157040742032,0.004004245730623794,-0.7523502175229918,31.455767517367587,39.29324603937929,29.250986443253105,50000000.0,1479786.8923721104,0.0,3609609.7307569855,73508978.08934213,4917516.81671407,0.0,93102079.69426948,402729.22397418204,103.80880744490558,33395897.075967666,0.004737937738287203,10129574.04278064,0.0,0.0,111169141.25430025,627899.6437319517,101.8915704074203,101728158.30994509,0.005680229700549347,67679529.2715943,0.0,0.0,100119610.6643394,180982.62838070095,0.006530998580217773,32626287.694674224,0.0018109376918360538
57,57.0,105.91,-10929.293121016846,32.0,36.0,32.0,2.0,101.41269279637699,101.41269279637697,0.004007364009567768,0.11735340000206061,31.469426729509493,39.48037283605707,29.05020043443335,50000000.000000015,1643653.5465627876,0.0,1190269.3602637604,73532870.4160964,5439979.597389526,0.0,92594762.29597984,-507317.39828966395,103.18415595482196,34772174.60258344,-0.005539489025303912,9961333.671241619,0.0,0.0,111857732.35272563,688591.0984253287,101.41269279637699,101489282.49792896,0.006194084893128484,67334761.02008392,0.0,0.0,100305816.96626852,186206.30192916095,-0.004043633627985765,32843041.747943513,0.001859838454160948
58,58.0,105.85,-6484.307202340831,32.0,36.0,32.0,2.0,101.49166723647694,101.49166723647693,0.0039893313900250475,-0.7206005574700012,31.546250727891632,39.48310012140107,28.970649150707267,49999999.999999955,1502736.2962140546,0.0,2463473.43330899,72454479.11432436,4970769.904820552,0.0,91998760.85798298,-596001.437996865,103.71030525834311,36330778.91494558,-0.006453792061963635,8512077.724681472,0.0,0.0,111450616.16917041,-407116.1835552007,101.49166723647694,102885258.07201158,-0.0036395891011935075,70525042.97237252,0.0,0.0,100177802.76802742,-128014.19824106991,-0.0005665187423283813,29638069.069782462,-0.001276239026936188
59,59.0,105.47,24677.624375676853,32.0,36.0,32.0,2.0,101.03496786560304,101.03496786560304,0.003976091646014026,-0.5331094600087952,31.503160335009586,39.41609906396033,29.080740601030048,50000000.00000008,1711571.0464504217,0.0,1871230.9980548443,71925111.7489216,5641231.1959101865,0.0,92461119.7135289,462358.85554592777,103.35413869681094,37001572.77405741,0.006305795648611555,9393851.84513682,0.0,0.0,111397335.79669298,-53280.37247739732,101.03496786560304,101638331.5805011,-0.0004780626102284015,69404219.59839912,0.0,0.0,100163112.04215492,-14690.72587248683,-0.0035899858290032727,30656401.885682017,-0.00014664651715814528
60,60.0,105.16,-19320.630973272302,32.0,36.0,32.0,2.0,100.6996542553958,100.69965425539581,0.004023266275976405,1.877174346099144,31.59533491663721,39.44220354676402,28.96246153659865,49999999.99999995,1653138.247283913,0.0,1473367.7573663895,70735660.57212937,5432625.56513676,0.0,91722461.8351759,-738657.8783529997,103.4812369656249,36971757.8717412,-0.007583445955258186,9917309.553966068,0.0,0.0,111032183.42563784,-365152.371055156,100.6996542553958,100820386.61950769,-0.0032779273260321175,70225700.51227352,0.0,0.0,100060621.48408115,-102490.55807383358,-0.0029392244240068477,29748739.647876736,-0.0010232365586913784
61,61.0,106.2,18526.05918178876,32.0,36.0,32.0,2.0,101.8944126638445,101.89441266384452,0.004011897215272566,-0.4548546183527134,31.59440525794733,39.370344062047536,29.03525068000519,49999999.99999999,1844569.566831458,0.0,1196211.0322825261,71292563.82178482,6121665.249921901,0.0,91876485.9773066,154024.14213070413,104.22688206296044,36492855.429232225,0.0020353587548617652,8692506.179301016,0.0,0.0,110737696.1734738,-294487.25216419995,101.8944126638445,103046510.09587443,-0.002652269306776519,70369966.40556858,0.0,0.0,99974440.1601502,-86181.32393088937,0.009889691898060216,29902601.552302506,-0.0008612911118546291
62,62.0,106.27,1523.4007588456443,32.0,36.0,32.0,2.0,101.60647652353133,101.60647652353131,0.0040423537590277,1.1988539659588573,31.59394177476286,39.60764695491496,28.798411270322212,50000000.000000075,1891464.4659534805,0.0,3332832.1622132184,70853726.13895279,6281435.274902386,0.0,91400138.4116236,-476347.56568300584,104.2900384523509,37126852.27783381,-0.00635089281058929,12389979.774418665,0.0,0.0,111739016.27517554,1001320.1017017663,101.60647652353133,99421231.26226138,0.009042269582104807,66501702.03395008,0.0,0.0,100272567.957871,298127.7977208346,0.0006591337099810524,33794500.03016543,0.0029820401819030955
63,63.0,106.83,13241.594631655491,32.0,36.0,32.0,2.0,102.37782781495112,102.37782781495112,0.00403956710537348,-0.11570140495771444,31.605179428468663,39.63799205231442,28.756828519216892,49999999.99999998,2069256.1282122878,0.0,2637531.8449457805,70237103.3557001,6908082.255528709,0.0,91257215.93874344,-142922.47288014158,104.98379680842622,39872950.20209067,-0.0019552754379508672,9833930.211222408,0.0,0.0,111811211.0366801,72194.7615045011,102.37782781495112,102505456.68799065,0.0006461016385423495,69379549.15510052,0.0,0.0,100296202.06411551,23634.106244415045,0.005269596311282543,31098665.217602015,0.0002356986235192938
64,64.0,106.83,6577.6488562104205,32.0,36.0,32.0,2.0,102.30725221345791,102.3072522134579,0.004046366274220402,0.26092241511877895,31.636548132319838,39.792548547494064,28.57090332018611,49999999.99999999,2054188.6344426645,0.0,1456458.0076453164,71256839.69513914,6857780.369297182,0.0,90741674.36410874,-515541.5746347052,104.63400432496869,38394883.637146585,-0.006557843631752731,10240888.046718234,0.0,0.0,112339386.89921296,528175.862533018,102.30725221345791,102102772.38191877,0.0047238184582380415,67964588.94235891,0.0,0.0,100478214.37270257,182012.30858704448,0.0,32517553.939100474,0.0018147477655304552
65,65.0,106.89,3421.308991346581,32.0,36.0,32.0,2.0,102.47944994255077,102.47944994255079,0.004041519665157646,-0.19640805853664248,31.631550045300298,39.78621989060308,28.58223006409668,50000000.0,1926848.786926518,0.0,1930516.2951757298,71703790.25796245,6436277.088580485,0.0,90795541.82638025,53867.4622714743,104.6898350533895,37765923.66886747,0.0005021304276542541,8821732.792756535,0.0,0.0,112343660.428637,4273.529423907399,102.47944994255077,103583539.03737913,3.804123862400512e-05,69547988.03780462,0.0,0.0,100482142.88145928,3928.508756801486,0.0005616399887671264,30956348.149182707,3.909811476375883e-05
66,66.0,106.77,-3627.85476244273,32.0,36.0,32.0,2.0,102.35670331083783,102.35670331083782,0.004040331653134589,-0.05293164630682464,31.58608095652803,39.74203919452636,28.67187984894579,50000000.00000001,2067470.8390360891,0.0,960550.6118124558,71546061.39345007,6898245.67137135,0.0,91231585.69172837,436043.86534812325,104.4780411692478,36317860.99554323,0.006086792597595445,8747258.860175671,0.0,0.0,112405271.8301357,61611.40149869025,102.35670331083783,103545990.24118792,0.00054841903195621,69339843.56854194,0.0,0.0,100504336.18698739,22193.3055280447,-0.0011226494527084574,31133669.05948841,0.00022086815519277442
67,67.0,106.75,26926.778393246757,32.0,36.0,32.0,2.0,102.32661537257488,102.32661537257488,0.004050503000364579,0.39336511750292086,31.63975020264759,39.78209321380961,28.578156583542842,49999999.999999955,2025804.328107517,0.0,1004942.7542365952,70920526.11983632,6757956.625796169,0.0,90751278.31262542,-480307.37910291716,104.80093358773031,35638622.32740893,-0.005863518259892054,8976202.625396945,0.0,0.0,112293249.10136355,-112022.72877208889,102.32661537257488,103301926.09149598,-0.000996596751630788,69860416.27593707,0.0,0.0,100473512.62803029,-30823.558957085013,-0.0001873185351690676,30611198.027306587,-0.00030668884673530974
68,68.0,107.1,-23697.613770433556,32.0,36.0,32.0,2.0,102.58421787285887,102.58421787285886,0.004037599560663821,-0.5119727320969902,31.627066558561598,39.76154219232977,28.611391249108635,50000000.00000006,1945455.51278897,0.0,1453697.6002072033,69877954.04817156,6511196.419365583,0.0,90891536.23959684,140257.92697141436,105.46759917947855,37120779.52519247,0.00212886488061776,10293770.766209783,0.0,0.0,112278128.71689282,-15120.384470641613,102.58421787285887,102327318.7766266,-0.00013465087698186486,69679780.41359614,0.0,0.0,100471614.30324364,-1898.3247866481543,0.003278688524590123,30896128.15176633,-1.889378341609365e-05
69,69.0,106.85,-8319.712678697237,32.0,36.0,32.0,2.0,102.25742160349363,102.25742160349363,0.004093115922514896,2.1764517362141342,31.579780321437152,39.78207090357904,28.638148774983677,50000000.00000002,2142161.127810771,0.0,1469851.9453580384,69692047.53596559,7152809.890830653,0.0,91207342.27270034,315806.0331034947,105.07966907692305,38929101.05729121,0.0035753702215496567,10917163.89278929,0.0,0.0,112621089.54283631,342960.8259435147,102.25742160349363,101469386.41198345,0.0030545648548194458,68535149.22923757,0.0,0.0,100575908.56536247,104294.26211884618,-0.002334267040149385,31972583.79242135,0.0010380470428599372
70,70.0,108.12,-24945.288333029006,32.0,36.0,32.0,2.0,103.66344514158902,103.66344514158904,0.004077588400255116,-0.6084788300687776,31.659755026303177,39.826756229795265,28.513488743901547,49999999.999999985,2026316.5254498315,0.0,1585254.4917921638,69102591.52915798,6846416.960363619,0.0,90519529.030063,-687813.2426373558,106.64018681918051,40098584.646208085,-0.007812658167982989,9908247.238821508,0.0,0.0,112386550.30477273,-234539.23806372285,103.66344514158902,103688653.53491771,-0.0020825516696365625,70578373.2137103,0.0,0.0,100507733.02165891,-68175.54370352626,0.011885821244735695,30313324.01911929,-0.0006778516314294114
71,71.0,108.06,21114.15538255137,32.0,36.0,32.0,2.0,103.27019059360339,103.2701905936034,0.004091811654866494,0.5474589728082527,31.551802291604105,39.965729926376234,28.482467782019654,50000000.000000075,2153443.745369647,0.0,2828316.2930692374,69319026.26898186,7271910.347645129,0.0,91077032.2832564,557503.2531934262,106.17402950749737,39785465.67243347,0.005429913812652111,13091396.777002199,0.0,0.0,113596900.77373922,1210350.468966484,103.27019059360339,100452286.18898343,0.010769531280070651,66367780.539754644,0.0,0.0,100891697.23282959,383964.21117062867,-0.0005549389567147678,34511034.932977326,0.003820245463977246
72,72.0,108.2,2609.8250838191598,32.0,36.0,32.0,2.0,103.63041287952284,103.63041287952285,0.004080950390668438,-0.42763960243522675,31.597860030144904,40.010427937327044,28.391712032528112,50000000.00000003,2206168.961688334,0.0,2822701.606252926,68586264.85396521,7459608.80170868,0.0,90642919.3733983,-434112.9098581183,106.53009605393073,40848343.07983059,-0.005518592793448247,10341704.052883605,0.0,0.0,113543682.96598566,-53217.80775359273,103.63041287952284,103336430.26420449,-0.00046847939856731896,70018593.13477829,0.0,0.0,100878815.47273205,-12881.760097548366,0.0012955765315565415,30908878.165850524,-0.00012767909006249434
73,73.0,107.97,16549.51116135469,32.0,36.0,32.0,2.0,103.3553373413075,103.35533734130752,0.004079464518672989,-0.06406724673105943,31.608803704702705,40.052361465076046,28.338834830221284,49999999.999999985,2229341.2492664945,0.0,986557.2669134889,68741877.72819166,7521936.708853232,0.0,90486402.64088476,-156516.7325135304,106.228954067655,38881504.70203066,-0.001403542261444304,10709621.623281838,0.0,0.0,113678134.3170881,134451.35110248625,103.3553373413075,102753158.31974266,0.0011841376604171277,69399081.12601371,0.0,0.0,100927471.30062881,48655.82789680362,-0.0021256931608133467,31466630.072619885,0.0004823195798721037
74,74.0,107.84,-21866.78731696724,32.0,36.0,32.0,2.0,103.31770571469266,103.31770571469266,0.004079488289753323,-0.005343233860697039,31.630013324611333,40.0278037863145,28.342182889074266,50000000.00000008,2243250.881138518,0.0,1358934.5029138026,68917220.51801032,7559755.469436806,0.0,90381069.54586144,-105333.09502334171,106.1345192987419,40296733.45391368,-0.0019271151843495522,9660132.749651967,0.0,0.0,113462779.94302452,-215354.37406359613,103.31770571469266,103683233.87921526,-0.0018944221363001734,70378928.65108751,0.0,0.0,100865711.19863363,-61760.101995289326,-0.001204038158747811,30452840.185319297,-0.0006119255857637298
75,75.0,107.87,-18582.29670008026,32.0,36.0,32.0,2.0,103.31830774799165,103.31830774799165,0.004078580192214139,-0.041605031613585704,31.6420532570992,40.01436248883828,28.34358425406247,50000000.00000003,2115769.5457299105,0.0,982219.4965618675,69038598.18810439,7132126.903058921,0.0,90320742.21857394,-60327.327287457185,105.99465950508687,38468529.95912396,-0.00030533300062109977,10147831.913743995,0.0,0.0,113343366.62886718,-119413.31415723264,103.31830774799165,103228683.95697723,-0.0010524448124503575,70148849.65021151,0.0,0.0,100831768.83640675,-33942.36222675443,0.00027818991097916523,30695334.98211673,-0.00033651041392958786
76,76.0,107.87,-13024.680803411291,32.0,36.0,32.0,2.0,103.29530900541556,103.29530900541555,0.0040832131205911434,0.17405298275431735,31.59767644831888,39.96500926830674,28.437314283374437,49999999.999999985,2112663.6125614014,0.0,918810.9892497169,69197405.39034477,7121656.9964687005,0.0,90757868.75438842,437126.53581446316,106.10781814127647,39925081.46147868,0.005943826950465168,10429991.757331809,0.0,0.0,113376515.87072122,33149.241853922606,103.29530900541556,102950834.83839573,0.00029246741860480314,69695438.89065856,0.0,0.0,100844184.63232818,12415.795921444893,0.0,31152690.50283566,0.00012313377088116675
77,77.0,107.94,-22953.628255142685,32.0,36.0,32.0,2.0,103.4126438978901,103.4126438978901,0.004085706937492727,0.09068509949503642,31.59665261358695,39.96367051226494,28.439676874148063,50000000.00000001,2220109.946255483,0.0,966688.3182371061,69386741.88889864,7488708.362463027,0.0,90771900.69431387,14031.939925445477,106.02467722709409,38032506.96585921,0.0007433402099572043,9854816.492216887,0.0,0.0,113380826.59572756,4310.725006490946,103.4126438978901,103597130.12845026,3.8021321905907746e-05,69798484.36189128,0.0,0.0,100848129.39349417,3944.7611659765244,0.0006489292667097857,31073806.74356225,3.9117388675994376e-05
78,78.0,108.02,12240.795760039604,32.0,36.0,32.0,2.0,103.47580303055692,103.4758030305569,0.004072477236027453,-0.5202918947178433,31.62853224110294,40.01949719002532,28.3519705688717,50000000.00000008,2196557.000260279,0.0,943936.3895977403,69427878.59516141,7414752.724003605,0.0,90422413.75083001,-349486.9434838607,106.07804092380714,38003174.913935415,-0.004962242503338151,10045104.035714747,0.0,0.0,113451946.620667,71120.02493940294,103.47580303055692,103487923.91352333,0.0006272667705359879,69629556.22376293,0.0,0.0,100872291.1054535,24161.711959332228,0.0007411524921252521,31269707.135838266,0.000239585127702834
79,79.0,107.67,11361.114115295219,32.0,36.0,32.0,2.0,103.140743760786,103.14074376078601,0.004106719163777896,1.3284813944454452,31.616044545993063,40.02158482890366,28.36237062510331,49999999.999999955,2212706.5852618935,0.0,828316.6523661255,69990742.94069575,7445066.188598376,0.0,90515507.05660938,93093.3057793586,105.60643974950948,37166330.20234239,0.0015009426621693806,9648349.916077547,0.0,0.0,113533027.94923821,81081.32857112586,103.140743760786,103553695.01272254,0.0007146755166945333,69495110.14123887,0.0,0.0,100899263.35960107,26972.254147589207,-0.0032401407146823713,31306786.647528738,0.0002673901212315278
80,80.0,108.35,-18965.516578021125,32.0,36.0,32.0,2.0,104.00796478899471,104.00796478899471,0.004133519644237559,1.0297033462601497,31.641533854451072,39.975657775347656,28.382808370201186,50000000.00000002,2266258.297699144,0.0,1876399.0876725973,70392359.25915897,7673408.954865695,0.0,90420424.40385418,-95082.65275520319,106.12030012596185,36807626.113160305,-0.0011429008176241447,7834317.9421710605,0.0,0.0,113202044.92880012,-330983.02043801546,104.00796478899471,106026085.65158667,-0.002915301621181119,70918361.53440426,0.0,0.0,100801896.78876749,-97366.5708335787,0.006315593944459907,30085218.011960417,-0.0009649879254972149
81,81.0,109.19,17223.214963574457,32.0,36.0,32.0,2.0,104.68672155730803,104.68672155730805,0.004160377388646847,1.025185606475566,31.620812408955015,40.10158143793889,28.277606153106124,50000000.000000045,2241911.1559372675,0.0,2145851.666654908,71004650.59675802,7649821.222399695,0.0,90324669.88916354,-95754.51469065365,106.62063581678117,37776022.495368555,-0.0018792961846624463,9671827.742393814,0.0,0.0,113860403.59375772,658358.6649576426,104.68672155730803,105014944.27613486,0.005815784205768774,68274917.30831248,0.0,0.0,101003579.54636475,201682.75759714842,0.007752653437932633,32965867.74320195,0.0020007833584697187
82,82.0,109.92,208.42783779166348,32.0,36.0,32.0,2.0,105.36692860907623,105.36692860907623,0.004174375633804804,0.5278545831562508,31.561824433492692,40.222813677633404,28.215361888873886,50000000.00000001,2274511.702832985,0.0,911726.2425341827,70949247.0404982,7812947.699231303,0.0,90506345.5429045,181675.65374096483,107.28194836669547,36454484.69039879,0.0021494978213141267,9868101.113018118,0.0,0.0,114686772.01852858,826368.4247708619,105.36692860907623,105525157.07003798,0.007257733142412346,67958868.0527208,0.0,0.0,101240785.0515145,237205.5051497668,0.006685593918857036,33506282.47763944,0.0023484861250969834
83,83.0,110.23,-10639.206599847195,32.0,36.0,32.0,2.0,105.72145224009002,105.72145224009002,0.004184894810476397,0.39375985093404425,31.53444680428721,40.34607311542323,28.119480080289566,50000000.00000003,2372606.8754367083,0.0,1195666.8883630142,71490702.59280995,8172889.246230887,0.0,90477162.859066,-29182.68383849808,107.1210168667384,37367710.184102766,-0.0009162986097779628,8783897.748334209,0.0,0.0,115393258.18305627,706486.1645275503,105.72145224009002,106911373.24935235,0.0061601364489830765,68289691.4038379,0.0,0.0,101465150.53036024,224365.47884577513,0.0028202328966522305,33273927.645885795,0.002216157043148282
84,84.0,110.39,23576.221274261945,32.0,36.0,32.0,2.0,105.98786397004676,105.98786397004675,0.004149894618072762,-1.3339260571253204,31.55162310610175,40.434461890102824,28.013915003795365,50000000.00000002,2307435.0728368987,0.0,1688764.1534654438,72253432.88825297,7959929.927827042,0.0,90175855.0414029,-301307.8176630605,107.07485589166082,36349182.07864796,-0.004066086060709032,7259345.318355387,0.0,0.0,115695270.99768648,302012.8146303147,105.98786397004676,108595478.9867978,0.002617248350429719,69467465.10018963,0.0,0.0,101563619.04972364,98468.51936341822,0.0014515104780912225,32148416.448651403,0.0009704664000272158
85,85.0,109.54,16511.404343974835,32.0,36.0,32.0,2.0,105.10143891054086,105.10143891054088,0.004117318673023643,-1.2523892738586777,31.52130769809976,40.430515862929944,28.04817643897038,50000000.00000002,2341203.726326196,0.0,732244.6188463061,72181129.9183907,8014233.005680359,0.0,90419477.57945414,243622.53805122874,106.24215634069057,34749258.99856833,0.0035629955239466784,7148584.191375829,0.0,0.0,115854824.30515325,159553.30746667087,105.10143891054086,107874396.09166539,0.0013790823608500066,69622452.49355143,0.0,0.0,101615881.54884098,52262.499117314816,-0.007699972823625223,31749843.153630525,0.0005145789368900693
86,86.0,108.57,1408.0403845598194,32.0,36.0,32.0,2.0,104.27641104510487,104.27641104510487,0.004126164726559682,0.33479534131500294,31.57995866782617,40.31154229563715,28.10849903653678,50000000.000000045,2288005.27298103,0.0,2039073.1095161051,71522865.88236019,7762772.890235951,0.0,90228841.16163659,-190636.417817557,105.53326808590256,35418579.44582213,-0.0019329312084118398,5602773.868955858,0.0,0.0,115022980.28304139,-831844.0221118778,104.27641104510487,108469300.18854184,-0.007180055100000505,72283606.64964311,0.0,0.0,101372295.64718197,-243585.90165904164,-0.008855212707686855,28811500.59375992,-0.0023971243268894322
87,87.0,108.68,20297.52072283493,32.0,36.0,32.0,2.0,104.50044877157359,104.50044877157357,0.004121137805607423,-0.1996679288927359,31.616900164506955,40.134791482979345,28.248308352513654,50000000.00000001,2313971.6741817016,0.0,1079750.955226776,71499436.86904675,7858826.298439605,0.0,90324027.57649083,95186.41485423897,105.75093920110896,35479952.51395487,0.002413868621968992,5119272.488484123,0.0,0.0,114072074.05749759,-950906.2255436778,104.50044877157359,109067038.33069289,-0.008267097785188212,72767317.31549115,0.0,0.0,101095107.24340297,-277188.40377892554,0.0010131712259373593,28360943.790943947,-0.002734360527294925
88,88.0,108.77,-20398.279431831586,32.0,36.0,32.0,2.0,104.37313550846774,104.37313550846773,0.004161024847510535,1.5301694844422797,31.618545430391684,40.163903183411364,28.217551386196963,50000000.00000007,2180171.8379206043,0.0,2589087.481278103,72044530.42548493,7410540.337832004,0.0,90250574.95607328,-73452.62041755347,105.69246578702972,34778605.79132563,-0.0008487519162640816,7778526.965276473,0.0,0.0,114186310.81917714,114236.76167948544,104.37313550846774,106502487.14612679,0.0010014437155048547,69691303.44474152,0.0,0.0,101128261.106435,33153.86303204298,0.0008281192491716993,31464412.954945177,0.00032794725616364036
89,89.0,109.7,-17467.655239260595,32.0,36.0,32.0,2.0,105.3833263406987,105.3833263406987,0.004194807205514317,1.2825447959114766,31.567775245487354,40.12177644312162,28.310448311391045,50000000.00000002,2162770.5374437156,0.0,1047957.7599068,72449636.31279086,7414247.74867424,0.0,90717944.43114713,467369.475073864,106.69939132137375,34456118.1728066,0.006460015635494503,7150228.175806335,0.0,0.0,114281014.11140338,94703.29222619534,105.3833263406987,108045813.47366765,0.0008293751811998323,70001852.364526,0.0,0.0,101155716.39968677,27455.293251633644,0.00855015169623985,31426868.961193204,0.0002714898184864231
90,90.0,110.68,15740.66305399171,32.0,36.0,32.0,2.0,106.23890817174708,106.2389081717471,0.004147086966579492,-1.8121565025761148,31.509217574303122,40.25934892171706,28.231433503979826,50000000.00000001,2171791.2638697764,0.0,1692244.3759181874,73072355.8905253,7511683.033909589,0.0,90877477.19372156,159532.76257441984,107.443659189603,33850088.736802086,0.0013431211093802185,8344179.355956437,0.0,0.0,115196041.64947411,915027.5380707234,106.23890817174708,107821455.61730668,0.008006820250813817,67950954.29073983,0.0,0.0,101428721.32571922,273004.9260324985,0.008933454876937086,33762478.91183818,0.0026988581144915306
91,91.0,109.6,-2731.7689721632487,32.0,36.0,32.0,2.0,105.0303315116645,105.03033151166451,0.004169547549563435,0.8534935708469169,31.456334797627786,40.416620641667976,28.127044560704405,49999999.999999985,2127688.5790273733,0.0,1093047.9796396256,73569849.7689078,7287333.383168753,0.0,90948239.40921725,70762.21549569722,106.1699666830472,32958954.476126555,-7.497995183585306e-07,8619150.902521467,0.0,0.0,116165634.97326314,969593.3237890154,105.0303315116645,106498770.77001567,0.00841689792379635,67380950.6623681,0.0,0.0,101713433.20257805,284711.87685884535,-0.009757860498735171,34007000.40980635,0.0028070143558701368
92,92.0,109.77,19549.918043011538,32.0,36.0,32.0,2.0,105.59917477339509,105.59917477339509,0.004175522686045521,0.22122011144265427,31.4969826825529,40.2325970729898,28.27042024445738,50000000.00000003,2015012.2925606589,0.0,3841352.3275970295,72566256.26388127,6912121.854824486,0.0,91001732.24283394,53492.83361669327,106.9919092640364,35830857.94668703,0.002305502197923154,4599213.61799702,0.0,0.0,115117921.67253698,-1047713.3007259667,105.59917477339509,110688290.54127358,-0.009019132904211396,73294687.46427967,0.0,0.0,101387951.0721745,-325482.1304035783,0.0015510948905108624,28149990.846710477,-0.003199991585726245
93,93.0,110.14,-24439.806916874804,32.0,36.0,32.0,2.0,105.75050281898427,105.75050281898426,0.004159752830010836,-0.6058068457157402,31.45077140675529,40.210251781612904,28.33897681163182,50000000.00000004,2159618.447773199,0.0,2568578.694141939,72470290.2009187,7433136.744929379,0.0,91407563.55823809,405831.31540414086,107.20155452613743,36057735.96242138,0.005642436158267671,7323858.657589612,0.0,0.0,115287504.15927064,169582.4867334962,105.75050281898427,108341123.03755772,0.0014731197737906376,69816906.03611681,0.0,0.0,101444678.31099021,56727.23881573975,0.0033706841577845204,31726625.604686595,0.0005595067087938061
94,94.0,109.8,-19212.36694158119,32.0,36.0,32.0,2.0,105.35111085528482,105.35111085528482,0.004136690211394041,-0.8863871722210712,31.474626879062733,40.333205802261126,28.19216731867611,50000000.00000009,2168325.1827540854,0.0,1157436.6504208655,72818143.30698413,7440065.783324956,0.0,90953651.17897968,-453912.3792584182,106.74321346616124,35499349.655035734,-0.005994507669179593,7619736.194757783,0.0,0.0,115664981.69514747,377477.53587681055,105.35111085528482,107715158.93971717,0.003274227667860019,69141698.5160837,0.0,0.0,101543531.64080335,98853.32981316745,-0.00308698020700926,32307854.41158631,0.0009744555501484398
95,95.0,109.15,-19007.237688646026,32.0,36.0,32.0,2.0,104.76702026389638,104.76702026389637,0.004099584869745757,-1.4301820673027792,31.496824298712585,40.283748676742256,28.219427024545222,50000000.00000007,2282785.7282373477,0.0,1568859.3910648818,71634910.7537998,7786439.444909578,0.0,90893235.08821614,-60416.090763554676,106.4186820986389,37001670.8165838,0.0007764716583939373,6792460.340561785,0.0,0.0,115334895.13447484,-330086.5606725067,104.76702026389638,107909099.09738837,-0.002853815872659714,70921621.83886367,0.0,0.0,101449552.92766999,-93978.71313337982,-0.005919854280509895,30340627.060928103,-0.0009255017194577874
96,96.0,108.14,17462.94965661195,32.0,36.0,32.0,2.0,103.82727958192388,103.82727958192388,0.004090697749445874,-0.3503973819199531,31.5709589947771,40.23111329860515,28.197927706617758,50000000.00000001,2154313.9272847576,0.0,1224530.949603168,72298448.87567578,7280234.628017928,0.0,90443422.2083098,-449812.87990629673,105.4768958582356,35841279.196731165,-0.005106071764808933,6028214.81509003,0.0,0.0,114701559.43795015,-633335.6965246946,103.82727958192388,107679139.38554619,-0.005491275609053578,71636416.70536688,0.0,0.0,101262248.89979176,-187304.02787818015,-0.00925332111772792,29349033.39662802,-0.001846277509095792
97,97.0,107.82,22237.089873733566,32.0,36.0,32.0,2.0,103.60220178664169,103.60220178664169,0.004109017438128172,0.7046521424791176,31.589013325889752,40.01458639735948,28.396400276750843,49999999.999999985,1993944.0515116754,0.0,1109867.1947926423,72303552.83579,6718345.23856215,0.0,90779133.67030837,335711.46199856605,105.44222218488801,34272932.11640688,0.005555712398383194,5587906.572938829,0.0,0.0,113707354.2006363,-994205.2373139709,103.60220178664169,107805141.39448644,-0.008667756935351899,72700950.06462356,0.0,0.0,100985450.10199495,-276798.79779693484,-0.0029591270575181072,28201612.082459774,-0.0027334845986963243
98,98.0,108.36,8184.230234274815,32.0,36.0,32.0,2.0,104.066171554095,104.066171554095,0.004149497020578668,1.5575933363408327,31.555752216671873,39.89470836706381,28.549539416264384,50000000.00000006,2100403.4669794403,0.0,1888219.517439141,72018804.45183621,7112491.240059128,0.0,91289906.68453303,510773.0142246147,106.10064761024101,34784183.67658489,0.0071753456267294215,7111946.1647438975,0.0,0.0,113393047.96742533,-314306.2332109064,104.066171554095,106825400.16382086,-0.002764168029592122,70889495.10244967,0.0,0.0,100902562.1470833,-82887.95491155982,0.005008347245408995,30158278.29832197,-0.0008207910627505585
99,99.0,109.45,9391.281624013602,32.0,36.0,32.0,2.0,105.09136924068612,105.09136924068612,0.0041261335626104605,-0.9000715051026794,31.555563254263046,40.02836129241964,28.416075453317195,49999999.99999997,2091457.2301686006,0.0,1850765.6623222348,73194878.63757037,7153437.307561042,0.0,90994450.96921575,-295455.7153172556,106.88207527616147,34930815.49210443,-0.004851560996480831,7952351.229759362,0.0,0.0,113937346.32856476,544298.3611395061,105.09136924068612,107063910.04096605,0.004800103453395735,68739454.6966274,0.0,0.0,101047773.40077163,145211.25368835032,0.010059062384643713,32615639.87652424,0.001439123552449335
