,Gen,Price,Mismatch,Dividends,RDividend,Volume,Rep,Pos+,Pos-,NegW_per,Num_NT,Num_VI,Num_TF,Mean_NT,Mean_VI,Mean_TF,WShare_NT,WShare_VI,WShare_TF,NT_cash,NT_lending,NT_loans,NT_nav,NT_pnl,NT_signal,NT_stocks,NT_returns,VI_cash,VI_lending,VI_loans,VI_nav,VI_pnl,VI_signal,VI_stocks,VI_returns,TF_cash,TF_lending,TF_loans,TF_nav,TF_pnl,TF_signal,TF_stocks,TF_returns,MeanReturn,Spoils,TimeA,TimeB,TimeC,TimeD,TimeE,TimeF,TimeG,TotalTime,PerSpoils
0,0.0,107.81,128.72575109719764,0.0041169476099005365,-1.9750335716671343,1061881.0828242872,0.0,50000000.00000003,0.0,0.0,39.0,29.0,32.0,105.5763775210144,105.57637752101438,2.0,34.38439679281536,33.05730155973884,32.55830164744584,55973171.1132617,0.0,0.0,104095965.2111579,191802.59822940253,108.37888411332257,48392842.20971847,0.00184239975516305,44499915.179916054,0.0,-31465517.24137927,134588048.27908003,235451.1337429285,105.57637752101438,58954212.09321164,0.0017494208197053264,47980819.99666349,0.0,-16406249.999999998,120129275.48385489,221836.85435254872,0.005502704719268836,56047093.8474326,0.0018466510636898237,0.0018167962826088776,0.0,0.6909746670000345,3.812500000321961e-05,1.6699999605407356e-07,0.00021249999997507985,0.0016298749999918982,0.000276416000019708,0.0006544580000422684,0.6937862080000627,0.0
1,1.0,107.07,4940.219479739841,0.004119325577380631,0.08542362932917713,781111.0395591047,0.0,50000000.0,0.0,0.0,38.0,30.0,32.0,104.26701339245244,104.26701339245241,2.0,33.50504511350178,33.9364842802941,32.55847060620412,56259076.94966302,0.0,0.0,104366782.33727454,269597.8803456508,106.93803610594254,47779789.573289834,0.002589660787517221,45308238.81039285,0.0,-30416666.666666627,133900216.05668317,330114.9245104219,104.26701339245241,57776864.05162747,0.002473653986585832,47254690.462465756,0.0,-16406249.999999998,120434163.84409608,304888.3602410853,-0.00686392727947327,56392564.83331751,0.0025380021565356166,0.0025383279853236906,0.0,6.400000000894579e-05,3.700000002027082e-05,0.00016245799997705035,0.0001663749999920583,0.001528541999959998,0.0002727909999862277,0.0006395409999981894,0.0028707069999427404,0.0
2,2.0,106.55,152.84388034127187,0.004118828862544327,-0.025409977329134827,1125181.3892238764,0.0,50000000.000000015,0.0,0.0,38.0,30.0,32.0,104.32723848895286,104.32723848895286,2.0,33.50335413879455,33.940431252871406,32.55621460833399,55687814.886416025,0.0,0.0,104038866.52295291,-327915.81432165165,106.88403289507029,48123072.53018632,-0.003141650158518348,44353140.258476354,0.0,-30416666.666666627,133501769.52868704,-398446.5279962242,104.32723848895286,58455380.969077304,-0.002977464614057675,48841116.58295705,0.0,-16406249.999999998,120053505.29578316,-380658.54831278324,-0.00485663584570839,54536306.71189373,-0.0031607189867283165,-0.003098496520207336,0.0,5.6916999994882644e-05,3.5625000009531504e-05,0.00012458400004788928,0.0001632080000035785,0.0015197920000105114,0.00027625000001307853,0.0006530420000103732,0.002829418000089845,0.0
3,3.0,106.53,-694.4301391234621,0.004133748309716896,0.5687468629961865,494458.4559891474,0.0,49999999.99999997,0.0,0.0,38.0,29.0,33.0,104.31465854444149,104.31465854444149,2.0,33.50260737296266,32.80366181747352,33.69373080956385,55817709.03184835,0.0,0.0,103810887.41660231,-227979.10635052857,106.86329554497243,47988222.371676035,-0.0021911920925956085,44472829.25188667,0.0,-30380499.40546964,133190184.50414455,-276507.90653952135,104.31465854444149,58329914.390838616,-0.0020716703549276388,48462648.348646276,0.0,-16862591.431556948,120221752.47398926,-270101.32649066503,-0.0001877053026747566,54890304.01642388,-0.002242275888355204,-0.0021733884412725637,0.0,5.554099999471873e-05,3.591600000163453e-05,0.000203125000041382,0.00016758300000674353,0.0013229170000386148,0.00028666600002225096,0.0006406250000168257,0.00271237300012217,0.0
0,0.0,100.27,2537.508718514291,0.004022228753782024,-0.05084444393461042,1032388.0790437052,0.0,49999999.99999995,0.0,0.0,33.0,31.0,36.0,101.89674905603093,101.89674905603093,2.0,33.32841718387201,32.68050522973739,33.99107758639064,48287392.69224821,0.0,-6818181.8181817755,107169626.04896998,-394424.32484568114,102.57600335618132,51920297.82849327,-0.0036665267686153157,46713321.18403474,0.0,-11290322.580645144,111865980.73245142,-410260.93011924624,101.89674905603093,53712772.67991799,-0.0036540315568472956,54643359.15991761,0.0,0.0,100192081.31060968,-357389.2228960395,-0.0028838504375497953,45417617.18284066,-0.003554362056804149,-0.0036222739567152097,0.0,8.891700002777725e-05,3.741699998727199e-05,1.6699999605407356e-07,0.0001445000000330765,0.0012978329999668858,0.00033266700000922356,0.0006992500000251312,0.0026007510000454204,0.0
1,1.0,100.37,3139.9119922366226,0.004017986271600111,-0.17370605148322232,658084.3395072889,0.0,50000000.00000004,0.0,0.0,33.0,31.0,36.0,101.86813607478223,101.86813607478223,2.0,33.32799709831336,32.680236343559805,33.99176655812684,48512086.45925569,0.0,-6818181.8181817755,107025872.33892325,-143753.71004672756,102.57620029721872,51751381.17429772,-0.0013412589321783034,46998278.74186191,0.0,-11290322.580645144,111716416.44459775,-149564.2878535539,101.86813607478223,53485389.226367004,-0.0013369952766182352,54203111.408296645,0.0,0.0,100060976.3427583,-131104.96785129607,0.0009973072703701735,45907148.75641105,-0.0013085362249822127,-0.0013281570243640895,0.0,6.170899996504886e-05,4.0458999990278244e-05,0.0002994170000079066,0.00015787500001351873,0.0013704579999966882,0.0002702500000282271,0.0006366659999912372,0.002836833999992905,0.0
2,2.0,100.36,-3035.4404545577127,0.003990537368055571,-1.0907364462060058,610768.7182489012,0.0,50000000.000000015,0.0,0.0,33.0,31.0,36.0,101.76068973628254,101.76068973628254,2.0,33.32838423093666,32.680426632940794,33.99118913612252,48952367.359439366,0.0,-6818181.8181817755,107081649.45173521,55777.11281196186,102.1318010046217,51309926.80673529,0.0005211324006678984,47087394.798333384,0.0,-11290322.580645144,111773990.54887404,57574.104276284575,101.76068973628254,53394935.8383367,0.0005153593903975303,53733845.72782972,0.0,0.0,100110260.16470768,49283.821949377656,-9.963136395341188e-05,46375816.788591616,0.0004925378879030339,0.0005090487428887331,0.0,5.5332999977508734e-05,3.5625000009531504e-05,0.00012125000000651198,0.00014737499998318526,0.0013137079999978596,0.00027695800002902615,0.0007378750000270884,0.0026881240000307116,0.0
3,3.0,99.95,-1674.4721601205529,0.003974884733631348,-0.6289359325482972,460145.6531308736,0.0,49999999.999999985,0.0,0.0,33.0,31.0,36.0,101.06551081620005,101.06551081620005,2.0,33.328338671702625,32.680349083226496,33.991312245070816,48907880.89945826,0.0,-6818181.8181817755,107080475.98435643,-1173.4673787775364,101.56428125492936,51148771.9376884,-1.0956714347446518e-05,47218120.770930685,0.0,-11290322.580645144,111772653.2173152,-1337.3315589129925,101.06551081620005,53050059.22149444,-1.1964604219156263e-05,53673098.06568192,0.0,0.0,100109662.51642133,-597.6482863724232,-0.0040852929453965015,46251074.72749876,-5.969900441664362e-06,-9.473907201594963e-06,0.0,6.008299999393785e-05,3.6500000021533197e-05,0.00014799999996739643,0.00015487499996424958,0.0013502920000405538,0.00027045799998859366,0.0006352909999804979,0.0026554989999567624,0.0
0,0.0,104.85,3375.232568349864,0.00415563466815106,0.13425857575531241,455414.98963051086,0.0,50000000.00000004,0.0,0.0,31.0,32.0,37.0,105.15372725083931,105.15372725083931,2.0,33.30871325935842,32.75085153274892,33.94043520789252,45232467.20874622,0.0,-17338709.67741938,120056091.79523927,113110.84585690114,106.6373878920174,57379923.12044773,0.0009429127897480859,49320507.074227735,0.0,-11718749.999999946,114356448.03032543,105773.58431842923,105.15372725083931,53219846.32228057,0.0009258027125994444,54821975.86045624,0.0,0.0,102495246.04178004,95003.77560767531,-0.0019038553069966602,47586143.26900386,0.0009277690511779141,0.0009318343817895569,0.0,8.745899998530149e-05,3.712500000574437e-05,1.6699999605407356e-07,0.0001375420000044869,0.0013040829999795278,0.0002779999999802385,0.0007014999999910287,0.002545875999942382,0.0
1,1.0,104.72,-580.7686411947361,0.00411514460598399,-1.5529870037066225,647205.1475175207,0.0,49999999.999999925,0.0,0.0,31.0,32.0,37.0,105.2468130894467,105.2468130894467,2.0,33.30818222331095,32.75109261986149,33.94072515682768,45036121.789268784,0.0,-17338709.67741938,119951100.00661334,-104991.78862596664,106.65011446816821,57509172.00144027,-0.0008743950075386362,49028965.042931944,0.0,-11718749.999999946,114259103.3965082,-97344.6338172257,105.2468130894467,53449448.66755033,-0.0008512386970204907,55249558.97258943,0.0,0.0,102408119.1294602,-87126.91231998801,-0.0012398664759178946,47103602.989020035,-0.0008500580825424083,-0.0008579803259242254,0.0,6.31249999969441e-05,3.8791999998011306e-05,0.00021625000005087713,0.0001501670000152444,0.0013979579999841008,0.0002901670000028389,0.00065708300002143,0.0028135420000694467,0.0
2,2.0,104.16,3769.356143517245,0.004074917131377914,-1.5580760729264251,646140.4335516901,0.0,50000000.00000002,0.0,0.0,31.0,31.0,38.0,104.22134999050363,104.22134999050363,2.0,33.30773679581772,31.72774483385399,34.96451837032828,45065212.48722462,0.0,-17338709.67741938,119884003.46812846,-67096.53848489253,105.87181476503129,57176570.61180771,-0.000559295185853948,49347881.57842945,0.0,-11718749.999999946,114197163.71048215,-61939.686025977135,104.22134999050363,52848731.825539336,-0.0005420984777994506,54812551.30563368,0.0,-308388.15789473563,102664846.21815866,-55140.918329028704,-0.005347593582887722,47295148.01163792,-0.0005367919616573711,-0.0005454129811623546,0.0,5.820800004130433e-05,3.679100001363622e-05,0.00012541600000304243,0.00014283399997339075,0.001677583000002869,0.0002919589999805794,0.000675499999999829,0.0030082910000146512,0.0
3,3.0,103.28,2105.975486679119,0.004101204764159666,1.0178095969243188,547707.8492528588,0.0,49999999.999999955,0.0,0.0,31.0,31.0,38.0,103.20253726055536,103.20253726055536,2.0,33.30578949884779,31.72792673893774,34.96628376221438,44975013.553259134,0.0,-17338709.67741938,119580492.77645169,-303510.691676744,104.77744342878395,56787750.54131571,-0.0025314231167971792,49210030.057972685,0.0,-11718749.999999946,113915363.40396878,-281800.3065135181,103.20253726055536,52544127.807475165,-0.0024676646718472866,55009220.28627604,0.0,-308388.15789473563,102416087.47516635,-248758.74299227798,-0.008448540706605168,46702941.34703896,-0.002422881778871014,-0.0024704122904507697,0.0,5.9958000008464296e-05,3.8417000041590654e-05,0.000131458999987899,0.0001504169999861915,0.0016732089999891286,0.0002747920000274462,0.0006462080000346759,0.0029744600000753962,0.0
0,0.0,100.78,1381.1075021989527,0.0038944341207151263,-0.6983681268681662,1279381.5206911596,0.0,49999999.99999996,0.0,0.0,35.0,38.0,27.0,99.06347085196371,99.06347085196371,2.0,33.371259611601076,34.08088930764244,32.547851080756416,54080993.51429457,0.0,-6428571.42857137,106838524.14602864,427052.5719450721,98.81117002747088,46492473.46574899,0.0040139858819002085,56192722.30225183,0.0,0.0,100496432.93414979,408750.91224610806,99.06347085196371,44460010.42880004,0.004083928251596981,36315963.83237254,0.0,-35185185.18518519,135077147.54626516,552404.6644729078,0.003385105535643307,63788260.45942165,0.004106342466369249,0.004065500260191623,0.0,9.229199997662363e-05,3.920799997558788e-05,1.2499998547355062e-07,0.00015650000000277942,0.001380040999947596,0.00030604199997696924,0.0008164170000100057,0.0027906249998750354,0.0
1,1.0,100.43,-1515.0307342415326,0.003936154317960325,1.6943320979536274,544920.3471459295,0.0,49999999.999999985,0.0,0.0,35.0,38.0,27.0,98.63157200352084,98.63157200352084,2.0,33.370534128592425,34.08099218142821,32.548473689979325,53808409.00604205,0.0,-6428571.42857137,107002038.40861495,163514.26258630666,98.52490795222879,46607555.52556474,0.0015305959816365661,56077183.88220925,0.0,0.0,100652732.7310519,156299.7969020307,98.63157200352084,44425109.45817042,0.0015552770614698926,36846574.312966496,0.0,-35185185.18518519,135289409.4769793,212261.9307142198,-0.0034729112919229532,63040051.74795406,0.001571412593248005,0.0015509952771083186,0.0,6.262499999820648e-05,4.200000000764703e-05,0.0001704579999568523,0.00017129200000454148,0.0013815419999900769,0.00038366699999414777,0.0006478750000269429,0.002859458999978415,0.0
2,2.0,100.85,3101.3970851094928,0.003928944589817139,-0.29703653327390256,1090850.6419562814,0.0,50000000.00000004,0.0,0.0,35.0,38.0,27.0,99.6881898614793,99.6881898614793,2.0,33.37227661282631,34.081997610725516,32.545725776448194,53259056.705534734,0.0,-6428571.42857137,106844535.96017815,-157502.44843679326,99.60004236085952,47355779.62902485,-0.0014720093519499469,55582480.83468796,0.0,0.0,100502293.34037969,-150439.39067222178,99.6881898614793,45109561.97174055,-0.0014946379158348522,38269584.192957886,0.0,-35185185.18518519,135071811.2461057,-217598.23087364435,0.004182017325500276,61884605.853999555,-0.0016083907211574494,-0.0015174311759122367,0.0,5.625000000009095e-05,3.6000000022795575e-05,0.00011966700003540609,0.00015541699997356773,0.0014982089999762138,0.00026799999994864265,0.0006339999999909196,0.0027675429999476364,0.0
3,3.0,101.04,6739.56198373629,0.003963582780209405,1.3932532144400869,846577.0126994312,0.0,50000000.00000003,0.0,0.0,36.0,38.0,26.0,99.50559418815733,99.50559418815733,2.0,34.57616061220085,34.08127222591312,31.342567161885878,53233032.67394444,0.0,-7227366.255143976,107829406.85949236,200779.9191495884,99.52568599319638,47462960.032623164,0.0018647652273165241,56015473.16217087,0.0,0.0,100692042.80642854,189749.46604894102,99.50559418815733,44765534.16717285,0.0018880113054365872,37111532.35485789,0.0,-35185185.18518519,135339375.23214257,267563.9860368669,0.0018839861179971162,63163197.710499994,0.0019809017408477306,0.0019037942305202616,0.0,5.554199998414333e-05,3.533400001742848e-05,0.00011820800000350573,0.00015483300001051248,0.0013021249999951579,0.0002739589999691816,0.0006391250000206128,0.0025791260000005423,0.0
0,0.0,106.02,6342.853899761278,0.004026314365049258,0.8062045561694804,542077.4759108163,0.0,49999999.99999996,0.0,0.0,30.0,30.0,40.0,101.45236634656162,101.45236634656162,2.0,32.790476226432325,33.30012443233871,33.90939934122894,45595192.59897337,0.0,-29166666.666666664,132646806.0707794,96513.55346844743,103.96705170639702,57736908.25076042,0.0007280601975854561,47989450.44042173,0.0,-31249999.999999907,134708478.07170907,93224.2075278163,101.45236634656162,55326239.97762491,0.0006925233571365845,55030358.64944388,0.0,0.0,102879876.32442811,80172.15342411399,-0.0026340545625588296,47727638.82871102,0.0007798870052266903,0.0007381298685072885,0.0,8.829099999729806e-05,3.712500000574437e-05,1.6600000662947423e-07,0.00013395900003843053,0.001342707999981485,0.00027904099999886967,0.0007074170000009872,0.0025887070000294443,0.0
1,1.0,106.12,-5857.9240903328755,0.004006099937530962,-0.803260379144736,850659.259488374,0.0,50000000.000000015,0.0,0.0,30.0,30.0,40.0,101.97160945483996,101.97160945483996,2.0,32.79062742349445,33.30214688930815,33.907225687197275,45376579.681071594,0.0,-29166666.666666664,132498767.51640049,-148038.55437895207,104.26433338413628,58013970.24001928,-0.0011159163439801176,47434187.231600285,0.0,-31249999.999999907,134565690.4180465,-142787.65366244316,101.97160945483996,55937681.74117207,-0.0010599752569874143,55620742.3710323,0.0,0.0,102757997.47815478,-121878.84627331793,0.0009432182607056472,47186261.014106505,-0.0011846713917985012,-0.0011266360370096602,0.0,6.262499999820648e-05,3.933300001790485e-05,0.00017283300002191027,0.00013766600000053586,0.0013357500000097389,0.00027162499998212297,0.0006358750000003965,0.002655707000030816,0.0
2,2.0,105.86,3559.542313558981,0.003965975343661085,-1.5962390149744727,697200.8227173664,0.0,49999999.99999997,0.0,0.0,30.0,30.0,40.0,101.45965298016877,101.45965298016877,2.0,32.79048794746817,33.30121803738157,33.90829401515015,45849241.41675262,0.0,-29166666.666666664,132557216.58775756,58449.071357091765,103.60800053744545,57403140.82491669,0.0004410925457258684,47692920.38213656,0.0,-31249999.999999907,134621868.9727722,56178.55472570658,101.45965298016877,55545871.51577662,0.000417480522346969,55082123.07307102,0.0,0.0,102807003.3851389,49005.9069840014,-0.0024500565397663765,47613240.74448007,0.0004769060140007059,0.00044833432602213355,0.0,5.5583999994723854e-05,3.5500000024057954e-05,0.00011937499999703505,0.00013316700000132187,0.0013839169999982914,0.000269875000014963,0.000740207999967879,0.002737625999998272,0.0
3,3.0,105.04,-2052.934887350886,0.003986847006292182,0.8291564480440935,475536.1910272125,0.0,49999999.99999995,0.0,0.0,30.0,30.0,40.0,100.44344583768863,100.44344583768863,2.0,32.7903850203579,33.30290697305972,33.90670800658247,45762307.83508086,0.0,-29166666.666666664,132419048.90833597,-138167.67942156742,102.66937731350741,57049406.247176416,-0.0010422264202028775,47690751.5150776,0.0,-31249999.999999907,134488791.897913,-133077.0748592317,100.44344583768863,55121762.14025832,-0.0009885249393331993,55158903.25982219,0.0,0.0,102695363.81755112,-111639.56758777797,-0.007746079727942501,47171623.709424004,-0.001085914032233293,-0.0010435910207541401,0.0,5.833400001620248e-05,3.6458000010952674e-05,0.0001231249999591455,0.00015933299999915107,0.0015440419999777077,0.0002770830000144997,0.0006467499999871507,0.00284512499996481,0.0
0,0.0,100.88,2497.6866333777434,0.003929431612422075,-0.6210920205916184,961042.3433351015,0.0,50000000.00000002,0.0,0.0,35.0,38.0,27.0,99.90486277060008,99.90486277060008,2.0,33.33857609268221,34.01786145614824,32.64356245116953,54747777.199772716,0.0,-6428571.42857137,107029365.05470927,258765.55001296615,98.37490320003204,45774743.57054107,0.002423634552313293,55142591.78803426,0.0,0.0,100588274.4012342,256919.30797958374,99.90486277060008,45367853.40567709,0.0025607080432710765,36930391.70582971,0.0,-35185185.18518519,135849401.7611828,354675.3523222208,-0.0017811201266575427,63626131.31908633,0.0026176321523538417,0.0025281018308881986,0.0,8.779199998798504e-05,3.7334000012378965e-05,1.6699999605407356e-07,0.00014975000004824324,0.0013055000000008476,0.0002782909999723415,0.0007286249999651773,0.0025874589999830278,0.0
1,1.0,100.39,5465.462667985092,0.003934335016960339,0.19182436068206413,758013.0747443882,0.0,49999999.999999985,0.0,0.0,35.0,38.0,27.0,99.5179286643962,99.5179286643962,2.0,33.339726488142205,34.017591180214936,32.64268233164274,54406097.58356932,0.0,-6428571.42857137,106951092.19888513,-78272.85582411331,98.0416274212963,45898041.11479852,-0.0007312997775499054,54851432.860559754,0.0,0.0,100510445.19371133,-77829.20752283931,99.5179286643962,45442606.45428612,-0.0007737403587657559,37797736.18529523,0.0,-35185185.18518519,135741708.21010116,-107693.5510815978,-0.0048572561459159225,62453685.767376915,-0.0007927421813083746,-0.0007640166474267153,0.0,6.145800000467716e-05,3.870800003369368e-05,0.00016333300004589546,0.00015824999996993938,0.001553375000014512,0.0002709999999979118,0.0006379170000059275,0.002884041000072557,0.0
2,2.0,100.27,6035.7745785833395,0.003925713540892491,-0.354133102179941,712649.9777705052,0.0,49999999.99999997,0.0,0.0,35.0,38.0,27.0,99.64211371485221,99.64211371485221,2.0,33.343234377631944,34.017380135033484,32.63938548733454,54249705.72051863,0.0,-6428571.42857137,106732710.1269392,-218382.0719459423,98.09889035046376,46003523.00962641,-0.0020418688882503215,54617900.09698556,0.0,0.0,100294039.314846,-216405.87886546552,99.64211371485221,45625773.469537966,-0.002153068553704956,38343773.962208875,0.0,-35185185.18518519,135436607.1378574,-305101.0722438693,-0.0011953381810937413,61836937.141504936,-0.0022476590008108153,-0.002139688091514416,0.0,5.587499998682688e-05,3.554199997779506e-05,0.00012100000003556488,0.00014920799998208167,0.0013907500000414075,0.00026845799999364317,0.0006419999999707215,0.0026628329999880407,0.0
3,3.0,100.29,-881.5057284039794,0.003912930102052834,-0.5231954163941029,705403.0796254007,0.0,50000000.00000002,0.0,0.0,36.0,38.0,26.0,99.42376370270543,99.42376370270543,2.0,34.55285121974879,34.017315439504955,31.429833340746338,53869750.07554355,0.0,-7227366.255143976,107478580.60677701,-51459.99268766782,98.14839415469872,46394675.60588932,-0.00047826899417270456,54923981.50948905,0.0,0.0,100243673.56652354,-50365.74832242727,99.42376370270543,45332740.71576094,-0.0005021808740230081,37825920.65623835,0.0,-35185185.18518519,135365896.28889894,-70710.84895840287,0.00019946145407412352,62371058.884194925,-0.0005220955430936641,-0.0004987504112352694,0.0,5.575000000135333e-05,3.5374999981740984e-05,0.00011866700003793085,0.0002396669999598089,0.0013038339999980053,0.0002678329999525886,0.0006386250000218752,0.002659750999953303,0.0
0,0.0,105.35,-785.8414777179132,0.003972391937020475,-0.6143792547971283,1002028.5582501243,0.0,50000000.000000045,0.0,0.0,40.0,30.0,30.0,100.99283155767161,100.99283155767156,2.0,33.99212001323925,32.74486036105434,33.26301962570635,58837877.10638164,0.0,0.0,102621100.66198602,226524.29740247055,102.62476633461779,43892845.158091955,0.002212381924569212,48355361.5833935,0.0,-29166666.666666664,131807552.65105201,280757.038919121,100.99283155767156,54419722.809272036,0.002134599551463735,40153028.47988961,0.0,-31249999.999999907,133893293.85758594,313814.3113050014,0.0023786869647954845,62639816.97993873,0.0023492703547798653,0.0022301137417007648,0.0,8.716599995750585e-05,3.641600000037215e-05,1.6699999605407356e-07,0.00022558300003083787,0.0014248749999978827,0.0002939999999966858,0.0006497910000007323,0.0027179979999800707,0.0
1,1.0,105.01,206.06040866131661,0.0039622519169513135,-0.4114846237362176,476321.91036211024,0.0,49999999.99999996,0.0,0.0,40.0,30.0,30.0,100.60595434863707,100.60595434863703,2.0,33.99212643663189,32.74322850130318,33.264645062065014,58842727.577335574,0.0,0.0,102730722.2644736,109621.60248757787,102.13554700955893,43750323.328313425,0.0010682252301979125,48224776.9559907,0.0,-29166666.666666664,131941751.05933224,134198.4082801491,100.60595434863703,54378641.97416662,0.001018138988100527,40290374.91877381,0.0,-31249999.999999907,134042845.45982829,149551.60224221647,-0.0032273374466064153,62304260.25474883,0.001116946173579725,0.0010678156405832407,0.0,5.649999997103805e-05,3.6500000021533197e-05,0.00015608300003577824,0.00017250000001922672,0.0013642499999946267,0.00027175000002443994,0.0006356669999831865,0.0026932500000498294,0.0
2,2.0,104.5,2961.136010488204,0.003962469215287395,0.002437675282085514,862454.412033139,0.0,50000000.000000015,0.0,0.0,40.0,30.0,30.0,100.34914524914578,100.34914524914579,2.0,33.99326046290157,32.74560119840217,33.26113833869617,58781012.48849998,0.0,0.0,102593050.90564902,-137671.35882460847,101.63677540256671,43603542.87979347,-0.001340104250254845,47674621.7887001,0.0,-29166666.666666664,131770085.59682404,-171665.4625082165,100.34914524914579,54668662.100427404,-0.0013010700640998863,40936046.86439369,0.0,-31249999.999999907,133844635.1735225,-198210.28630563617,-0.004856680316160378,61359947.39318131,-0.0014787084355430112,-0.001369975249994807,0.0,5.562500001587978e-05,3.545900000290203e-05,0.00011899999998377098,0.0001682079999909547,0.001698000000033062,0.0002707500000269647,0.0006348750000029213,0.0029819170000564554,0.0
3,3.0,104.41,-6005.2157499673485,0.0039703048503942975,0.3076442302061128,686165.7349304094,0.0,49999999.999999985,0.0,0.0,40.0,30.0,30.0,100.35464861004945,100.35464861004944,2.0,33.994867002034404,32.765955985696095,33.23917701226959,58604721.30911108,0.0,0.0,102384555.36829343,-208495.5373555802,101.76947429523031,43746269.694473125,-0.0020323027651737943,47558468.51094474,0.0,-29236111.111111104,131577818.67918691,-261418.57019369802,100.35464861004944,54739932.533893876,-0.0019827282827320405,41300498.625607535,0.0,-31180555.555555467,133478126.13418223,-297357.3867837886,-0.0008612440191387849,60948374.5401419,-0.0022226808173835266,-0.002074543836104188,0.0,5.6165999978929904e-05,3.566700002011203e-05,0.00013333300000795134,0.00017174999999269858,0.0013179169999943952,0.0002685000000042237,0.0006430829999999332,0.002626415999998244,0.0
0,0.0,100.9,-626.1122936591855,0.004078684818106181,-0.06954487286837178,317627.4664689528,0.0,49999999.999999985,0.0,0.0,30.0,35.0,35.0,103.3391503243233,103.3391503243233,2.0,33.39295553110885,33.315402670337875,33.291641798553144,44518811.967908315,0.0,-16666666.666666644,117302484.79045443,274024.91814606986,102.71058542361799,56288684.292851515,0.002341436326674319,51430639.17088575,0.0,0.0,100311478.09135549,237973.38909865916,103.3391503243233,49030597.70745676,0.00237798595948736,53518284.27990651,0.0,0.0,100239934.96179916,224369.38336712122,0.0029821073558649047,46864815.75581338,0.002243344644101133,0.002319896609258268,0.0,9.087500001214721e-05,3.7334000012378965e-05,1.2499998547355062e-07,0.0001345830000332171,0.0013501660000088123,0.0002817910000203483,0.000715458000001945,0.0026103320000743224,0.0
1,1.0,100.95,4591.734829742287,0.00407349101007308,-0.20841464597131976,422142.0620127611,0.0,49999999.999999955,0.0,0.0,30.0,35.0,35.0,103.29795879120833,103.2979587912083,2.0,33.39302123535721,33.31644583182168,33.290532932821066,44277145.708266385,0.0,-16666666.666666644,117474162.92742649,171678.13697203895,102.91267551680203,56562283.10115843,0.001463480388874199,51484445.82450121,0.0,0.0,100461236.8783425,149758.78698688745,103.2979587912083,49005107.99011517,0.0014929376960281582,53683118.292551585,0.0,0.0,100383100.03571989,143165.07392075658,0.0004955401387511937,46727220.78032043,0.0014282239306651187,0.0014614506860049065,0.0,6.450000000768341e-05,3.800000001774606e-05,0.00017087499998069688,0.0001346249999869542,0.0013080840000156968,0.0002769159999616022,0.0006355840000082935,0.002628583999978673,0.0
2,2.0,100.82,-1909.6146661068778,0.004122848705092854,1.9172148723798799,462418.8629666979,0.0,50000000.00000004,0.0,0.0,30.0,35.0,35.0,103.16641889732124,103.16641889732126,2.0,33.392914815025996,33.316674165071284,33.29041101990268,44130641.90286941,0.0,-16666666.666666644,117506095.47609144,31932.548664977152,102.8126971022862,56640015.15292904,0.00027181297026834946,51409981.29991317,0.0,0.0,100489553.81461631,28316.936273902655,103.16641889732126,49020509.91381579,0.0002818692776816415,53894726.63274497,0.0,0.0,100410339.07287212,27239.037152141333,-0.0012877662209015428,46459477.0979593,0.0002713508264085161,0.00027517092751206,0.0,5.7667000021410786e-05,3.5625000009531504e-05,0.00011908400000493202,0.00013320799996563437,0.001520457999959035,0.00027266700004702216,0.0006473340000070493,0.0027860430000146152,0.0
3,3.0,101.44,-2901.7692094572703,0.004127486394886777,0.17230014108611552,607915.2564637905,0.0,50000000.000000015,0.0,0.0,30.0,35.0,35.0,104.41646624678741,104.41646624678741,2.0,33.3926510615619,33.316328090559225,33.29102084787888,43910893.464680314,0.0,-16666666.666666644,117437323.72246507,-68771.75362639228,103.91871310620532,57212145.76319303,-0.0005852261817224901,51094126.35962517,0.0,0.0,100430491.21372893,-59062.60088737309,104.41646624678741,49641867.34190529,-0.0005877486628742731,54410513.58682345,0.0,0.0,100354203.7307043,-56135.34216782451,0.006149573497322036,46233436.28964355,-0.0005590593825909176,-0.0005769506704295638,0.0,6.075000004557296e-05,3.649999996468978e-05,0.0001229159999525109,0.0001393339999822274,0.0015322079999577909,0.0002818340000203534,0.0006631669999705991,0.0028367089998937445,0.0
0,0.0,97.54,-1926.672815805825,0.003761471072385614,0.40600811422336325,572150.8710457529,0.0,49999999.99999998,0.0,0.0,38.0,26.0,36.0,95.01734189566344,95.01734189566349,2.0,34.30678694793138,33.207859049868205,32.48535400220048,55575094.972476,0.0,0.0,99301911.63694441,-90318.68781871427,96.15300855797533,43605138.54200633,-0.0009088903155917371,37332436.87036801,0.0,-42307692.30769228,140484590.29967797,-127371.7739687264,95.01734189566349,60673333.39286296,-0.000905838821180906,53502538.76394648,0.0,0.0,99253598.92721649,-93608.73719467223,-0.0028624003271313647,45624946.3108146,-0.0009422382309010326,-0.0009201021765562673,0.0,0.00010345800001232419,4.066599996122022e-05,2.500000277905201e-07,0.0001707089999740674,0.0014830839999717682,0.00030987499997081613,0.0007335420000345039,0.0028415839999524906,0.0
1,1.0,97.58,2655.9832728093315,0.003774033202441815,0.5238903799247752,619753.426780236,0.0,50000000.00000001,0.0,0.0,38.0,26.0,36.0,95.26411114306804,95.26411114306804,2.0,34.307210037239216,33.20850833172201,32.48428163103882,55604517.98834526,0.0,0.0,99180233.51448233,-121678.12246209737,96.23735593732427,43597490.04112001,-0.001225628341672253,37079964.53065001,0.0,-42307692.30769228,140313462.5709233,-171127.72875481844,95.26411114306804,60954515.91905449,-0.0012181245529475741,53664584.91384175,0.0,0.0,99127485.07476096,-126113.85245540738,0.0004100881689561575,45485499.01505621,-0.001270622464258326,-0.001239875240734823,0.0,6.420799996931237e-05,4.0000000012696546e-05,0.0001663330000383212,0.00017266599996901277,0.001373999999998432,0.00027291700001796926,0.0007472919999713667,0.002837415999977111,0.0
2,2.0,97.9,3107.163416794967,0.003795432776043508,0.8938502277452953,577908.1286414054,0.0,49999999.99999998,0.0,0.0,38.0,26.0,36.0,95.58226330503825,95.58226330503818,2.0,34.30728614143657,33.208086294029414,32.48462756453403,55704401.46396762,0.0,0.0,99202008.02946524,21774.514982931316,96.58401954979327,43644480.8201307,0.00021959519498993623,37259153.59161362,0.0,-42307692.30769228,140342172.75739673,28710.18647351861,95.58226330503818,60979061.141390964,0.00020461462462311247,53440530.82666881,0.0,0.0,99150083.92889796,22598.85413695872,0.003279360524697683,45862614.97663528,0.00022797768065955544,0.00021871794153562496,0.0,5.891700004667655e-05,3.583299996989808e-05,0.00011987499999577267,0.00016795799996316418,0.0013318750000053114,0.0002669580000542737,0.0006340829999658126,0.0026154990000009093,0.0
3,3.0,98.3,3667.6691380879492,0.0037989137259958105,0.13932350017105355,439821.8998247218,0.0,50000000.00000004,0.0,0.0,38.0,26.0,36.0,96.12423513435037,96.12423513435039,2.0,34.30691136454472,33.20676655117249,32.486322084282754,55968168.26107667,0.0,0.0,99348882.28409831,146874.2546330557,96.82084793839155,43562941.065831065,0.0014809454674624442,37166149.39185786,0.0,-42307692.30769228,140545907.04069674,203734.28330007195,96.12423513435039,61325058.3715527,0.0014516968014472624,53240078.073606506,0.0,0.0,99303145.80330418,153061.87440614402,0.004085801838610736,46254353.384390295,0.0015437392318891718,0.0014959465694921188,0.0,5.833299996993446e-05,3.545799995663401e-05,0.00011824999995724284,0.00016154200000073615,0.001499124999952528,0.0002590830000031019,0.0006353750000016589,0.0027671659998418363,0.0
0,0.0,96.42,-767.1341504905722,0.003851797582581115,0.4413361211487187,411150.7040359258,0.0,50000000.00000004,0.0,0.0,36.0,34.0,30.0,97.27745897575734,97.27745897575734,2.0,34.31565466836766,32.411173547178464,33.27317178445386,52473808.36971289,0.0,0.0,98479243.15232694,-43895.4785563151,97.2786422552739,45990292.54306744,-0.0004456701653806444,51974647.32604224,0.0,0.0,98485150.64406683,-44227.88352796435,97.27745897575734,46495140.733414896,-0.0004488801633471951,45083161.02238081,0.0,-16666666.666666644,114585024.45990178,-50841.328642487526,-0.00041467965996255796,52817156.1171155,-0.00044350281033571755,-0.00044611135817579356,0.0,9.108400001878181e-05,3.762500000448199e-05,1.2499998547355062e-07,0.00015254200002345897,0.0012999580000041533,0.0002749159999666517,0.0006822910000323645,0.002538541000035366,0.0
1,1.0,96.56,-444.23822071487666,0.003916090197134349,2.6434390523321905,433699.5861509321,0.0,50000000.00000001,0.0,0.0,35.0,35.0,30.0,97.55174662951411,97.55174662951411,2.0,33.36333085948356,33.36355509939914,33.273114041117275,52565411.94100447,0.0,0.0,98466532.33705194,-15123.779334381223,97.45615631317743,45971744.83448549,-0.0001536238139921518,51901437.451704085,0.0,0.0,98467194.14528063,-15374.749248650245,97.55174662951411,46637299.447111085,-0.0001561165659341323,45091492.478964165,0.0,-16666666.666666644,114566983.80616286,-18040.65373879671,0.0014519809168223041,52889448.33813738,-0.0001574433816620594,-0.00015564214747281727,0.0,6.104199997025717e-05,3.754199997274554e-05,0.0002730420000034428,0.00015233300001682437,0.0013004170000385784,0.0002685420000148042,0.0006832499999518404,0.002776167999968493,0.0
2,2.0,97.6,-1775.5839483225718,0.003915392001919086,-0.03457072043092615,511553.5997691918,0.0,50000000.00000003,0.0,0.0,35.0,35.0,30.0,99.1800400978441,99.1800400978441,2.0,33.363377131175646,33.3639121400204,33.272710728803865,52495545.595798545,0.0,0.0,98537156.77548994,70624.43843802469,99.00802497845922,46540700.16512263,0.0007174513040820129,51732419.672956094,0.0,0.0,98538736.89881513,71542.75353463547,99.1800400978441,47312575.253125764,0.000726565117725147,45383342.050065905,0.0,-16666666.666666644,114647607.48376814,80623.67760527134,0.010770505385252704,53171178.678710215,0.0007037252350265182,0.0007165233181404614,0.0,5.904199997530668e-05,3.62910000148986e-05,0.00012362500001472654,0.00015887500001099397,0.0015574999999898864,0.00026887500001748776,0.0006466250000016771,0.002850833000024977,0.0
3,3.0,98.14,3904.665469210391,0.0038867360593197705,-1.168090573928378,999234.4016742208,0.0,49999999.999999955,0.0,0.0,35.0,35.0,30.0,99.16235740261486,99.16235740261486,2.0,33.36325706337831,33.366204475652545,33.270538460969185,52847812.55348189,0.0,0.0,99036245.76092115,499088.9854312058,99.26370332798122,46449869.562545516,0.005066379009062645,52383775.76855766,0.0,0.0,99044994.92608194,506258.02726668713,99.16235740261486,46926926.6121822,0.0051376549354112625,44225552.676366575,0.0,-16666666.666666644,115221187.39544281,573579.9116745591,0.005532786885245944,54627071.1294844,0.005002981957174873,0.005072306467718331,0.0,5.816699996330499e-05,3.545800001347743e-05,0.00012045800002624674,0.00015070800003513796,0.0014815409999755502,0.00026995900003612405,0.0006330420000040249,0.0027493330000538663,0.0
