,Gen,Price,Mismatch,Num_TF,Num_VI,Num_NT,Mean_TF,Mean_VI,Mean_NT,Dividends,RDiv,WShare_TF,WShare_VI,WShare_NT,Pos+,Pos-,Rep,Volume,NT_cash,NT_lending,NT_loans,NT_nav,NT_pnl,NT_signal,NT_stocks,VI_cash,VI_lending,VI_loans,VI_nav,VI_pnl,VI_signal,VI_stocks,TF_cash,TF_lending,TF_loans,TF_nav,TF_pnl,TF_signal,TF_stocks
0,0.0,121.11,-14743.907813111902,31.0,35.0,34.0,2.0,119.31322756804285,119.31322756804285,0.003950421415596193,-1.3047091026518025,31.0,35.0,34.0,49999999.999999955,0.0,0.0,36048651.58500029,87107660.7013178,0.0,0.0,100000000.0,0.0,118.96949559734527,23451560.73810983,12111.0,0.0,12377418.447780238,100000000.0,0.0,119.31322756804285,122924317.04941987,79727045.49044229,0.0,0.0,100000000.0,0.0,0.0,30832123.812082913
1,1.0,104.08,-13387.346712262137,31.0,35.0,34.0,2.0,100.04952252803473,100.04952252803473,0.003965035751997744,0.5809992248384417,31.00001070225178,34.99996152625079,34.000027771497464,50000000.00000001,52140.66788035497,0.0,4771783.735930562,93570502.8649686,159611.7856760984,0.0,110559221.4394276,0.0,99.69592342766498,15020640.17841963,10408.0,0.0,12101075.44022894,110559009.60163964,0.0,100.04952252803473,105368580.43680999,72166982.17421478,0.0,0.0,110559169.30252518,0.0,0.0,34060859.3514074
2,2.0,99.91,-3890.951368573704,31.0,35.0,34.0,2.0,100.41964946519316,100.41964946519316,0.003956937804462206,-0.33047952355403487,32.28683087002044,32.0090093128539,35.704159817125735,49999999.99999995,7860918.181771323,0.0,36011741.05019964,74759014.67290461,0.0,0.0,107106180.65373394,0.0,99.81125597268449,31968692.556981128,9991.0,0.0,45061216.399630606,93277912.99658103,0.0,100.41964946519316,134112822.53152601,104867345.00844862,25334978.565831386,0.0,106227841.52562222,0.0,-0.040065334358186044,0.0
3,3.0,101.72,21645.46626768587,31.0,35.0,34.0,2.0,100.21455848902814,100.21455848902814,0.00397272192076037,0.6269615187904417,26.765779473115963,33.8401921309449,39.394028395939145,49999999.99999997,51608.11363872759,0.0,24182491.238489687,82714280.16205864,154399.33292151088,0.0,106727707.2298857,0.0,99.97109036226978,25342182.842709392,10172.0,0.0,18027129.601022918,89061597.13189542,0.0,100.21455848902814,109513533.56118533,90799115.2480806,0.0,0.0,79532366.44261725,0.0,0.018116304674206773,13612382.866723612
4,4.0,103.68,19423.893130188808,31.0,35.0,34.0,2.0,100.6143116123085,100.6143116123085,0.003977310890656912,0.17710134633697505,32.102829771250306,31.761878581458284,36.13529164729145,49999999.99999991,210944.6503646888,0.0,14334611.835973375,88909195.20828567,643257.098523851,0.0,107156705.3529433,0.0,100.49444129156922,20056947.61085658,10368.0,0.0,3588911.2833227664,91496575.96016231,0.0,100.6143116123085,97189591.08720441,67180708.7612059,0.0,0.0,104411498.11480422,0.0,0.01926858041683066,37497184.830653034
5,5.0,103.84,23102.812670996216,31.0,35.0,34.0,2.0,100.73053319951227,100.73053319951227,0.003911398739099308,-2.6369978921579955,31.925717322251966,32.23436698807222,35.83991568967582,49999999.99999994,416650.47551049624,0.0,2284753.6706678453,90361813.09965563,1272499.569912057,0.0,107143065.27292097,0.0,100.24480623645265,20466673.032093726,10384.0,0.0,5235611.466243875,93611047.80388163,0.0,100.73053319951227,98989987.91763876,66769455.72996734,0.0,0.0,104677893.59185888,0.0,0.0015432098765431057,37970383.55899784
6,6.0,102.01,27190.6449936454,31.0,35.0,34.0,2.0,99.06122286565814,99.06122286565812,0.0038699217757216975,-1.6896209905354613,31.98549973034924,32.3286251877994,35.68587508185132,49999999.999999955,291464.95705100964,0.0,4040404.1977886856,89745973.42105766,874480.5961403969,0.0,106546181.70417647,0.0,98.63062975688163,21604175.06245505,10201.0,0.0,8269578.407756606,93764760.4513949,0.0,99.06122286565814,100283415.33578537,71320043.19332837,0.0,0.0,104739839.28896518,0.0,-0.01762326656394453,32754706.50863039
7,7.0,100.48,24525.992009272304,31.0,35.0,34.0,2.0,98.01076521942834,98.01076521942834,0.003844854476091571,-1.0345346221013703,32.02711264719642,31.972754170218398,36.00013318258515,49999999.999999985,378517.37697448547,0.0,4779435.878090224,88357974.939622,1118630.177599891,0.0,106663166.4057626,0.0,97.37855645600781,22193953.007895343,10048.0,0.0,12514374.813031776,92024037.9280287,0.0,98.01076521942834,103028203.33333154,77380399.85646106,0.0,0.0,104074749.70195869,0.0,-0.014998529555925955,26207150.71428469
8,8.0,99.71,16014.940325948308,31.0,35.0,34.0,2.0,97.37590349324398,97.37590349324398,0.0038448911401803188,-0.004754468255759703,32.146498516874956,31.717255851997283,36.13624563112783,49999999.99999997,744617.5271021784,0.0,2050436.093619941,88544264.05445234,2183700.4008046533,0.0,106169481.15110934,0.0,96.41363628167284,23436757.945469208,9971.0,0.0,12863344.268358642,90523876.52029976,0.0,97.37590349324398,102591678.36545806,76415159.4240958,0.0,0.0,103587550.5707458,0.0,-0.007663216560509611,26975632.4615694
9,9.0,99.81,5173.337915025695,31.0,35.0,34.0,2.0,97.37683205862645,97.37683205862645,0.003805817067389896,-1.619530239955769,32.32589341724455,31.677645049964823,35.99646153279062,50000000.00000003,679275.1935922959,0.0,2533629.1822668766,88873068.94808409,1994072.2668366784,0.0,104972106.7279909,0.0,96.47492334237285,23935156.153423112,9981.0,0.0,10878347.054108279,89738305.09709942,0.0,97.37683205862645,100713480.48835863,74034401.67033386,0.0,0.0,103390791.88566509,0.0,0.001002908434460048,29387502.580351233
10,10.0,99.09,15425.544440596088,31.0,35.0,34.0,2.0,96.38723071876107,96.38723071876107,0.0038572992992853975,2.141115829140247,32.29701721228964,31.67748556722279,36.025497220487615,49999999.99999999,791571.7860254388,0.0,3161393.622096351,89056822.36442527,2306966.1258017863,0.0,105182351.38680622,0.0,95.68583647221097,22674358.59549565,9909.0,0.0,8721913.491421726,89845114.43425037,0.0,96.38723071876107,97834495.72045085,71068117.76541346,0.0,0.0,103421904.25068517,0.0,-0.007213706041478751,32145865.031712767
11,11.0,100.09,-11009.867041564627,31.0,35.0,34.0,2.0,97.69108470747405,97.69108470747403,0.0038453913952109582,-0.4963316325379312,32.382910669892894,31.56974058938517,36.04734874072208,49999999.99999995,747997.0720603646,0.0,2869694.409539101,88139324.4169448,2201971.3806624087,0.0,104755964.53504649,0.0,96.87832865515637,23176077.35230916,10009.0,0.0,10336975.06586794,89122491.22902913,0.0,97.69108470747405,100440645.81495573,74025876.01321505,0.0,0.0,103213982.79712625,0.0,0.010091835704914676,29516588.95336806
12,12.0,100.17,-15178.977006295347,31.0,35.0,34.0,2.0,97.38950166312999,97.38950166312999,0.003864261949321653,0.7727441614102945,32.309483104605754,31.747430795051603,35.94308610034253,49999999.99999991,1162869.5067340755,0.0,4174264.206564817,88899107.64345329,3426018.779104481,0.0,105023534.38524286,0.0,96.50328479218336,24947901.184940588,10017.0,0.0,7456242.172626914,90113679.74908783,0.0,97.38950166312999,97644066.56332107,68610619.11646841,0.0,0.0,103542464.96658312,0.0,0.0007992806474172998,34959509.00483218
13,13.0,100.53,-430.0387157604273,31.0,35.0,34.0,2.0,97.86742280874763,97.86742280874763,0.0039030625774324084,1.5876735866110787,32.43963207057646,31.896563927184847,35.663804002238834,50000000.00000001,1038908.6845896911,0.0,3174487.141255432,87668252.89704159,3071808.53122946,0.0,103817133.85327572,0.0,97.17731755555148,25673427.641228326,10053.0,0.0,8501006.495482942,90197841.39069413,0.0,97.86742280874763,99043562.31013347,71541543.49645115,0.0,0.0,103570128.12130065,0.0,0.003593890386343279,32158312.597909328
14,14.0,101.6,20854.607586202277,31.0,35.0,34.0,2.0,98.8500988090709,98.8500988090709,0.003911593106000096,0.3406847974918218,32.38066258003338,31.92382303993431,35.69551438003225,49999999.99999998,1218575.2488919888,0.0,1949079.8099512686,86294278.0974165,3641389.5672772364,0.0,104229065.50322203,0.0,98.53579361323943,28814299.244686726,10160.0,0.0,7224655.767225893,90552608.81465055,0.0,98.8500988090709,98825139.21022798,70995583.85477906,0.0,0.0,103699856.0943604,0.0,0.010643588978414442,33050641.67136368
15,15.0,102.03,1111.4485402119026,31.0,35.0,34.0,2.0,99.06614545835734,99.06614545835734,0.003915257474279726,0.1424436539145142,32.37618999753724,32.184865165832754,35.43894483663001,49999999.99999999,1235440.7973126837,0.0,2408944.7533475887,86730173.89959265,3707412.4867592095,0.0,103839873.2688795,0.0,98.82882186150177,28328049.32576503,10203.0,0.0,5845011.455360928,91610643.4430021,0.0,99.06614545835734,97867518.43049525,68900269.31150056,0.0,0.0,104046225.52614273,0.0,0.004232283464566944,35289924.07543064
16,16.0,102.07,-199.24084955341823,31.0,35.0,34.0,2.0,99.158950315909,99.15895031590901,0.003886857049103816,-1.1577704770948019,32.35715116286303,32.26948203975619,35.37336679738083,50000000.0,1176762.971871629,0.0,2183407.0766013754,86196094.13242996,3532711.662909917,0.0,103852209.44648418,0.0,99.07458848310606,29069093.08354078,10207.0,0.0,6821342.360547566,92032709.97513433,0.0,99.158950315909,98885979.07848023,70792768.05463265,0.0,0.0,104190193.38693127,0.0,0.00039204155640493177,33415341.99043891
17,17.0,101.29,-19738.94637423703,31.0,35.0,34.0,2.0,98.43967288205737,98.43967288205737,0.0039061018169260038,0.7797169741444788,32.3357074895902,32.257313051917286,35.40697945849261,49999999.999999925,1350050.4717600362,0.0,2197809.0626547444,86119568.8286582,4021959.1848404147,0.0,104037715.61918242,0.0,98.2663657190682,28993322.939232845,10129.0,0.0,8025554.869934024,92074843.71793269,0.0,98.43967288205737,99338432.1273603,71712702.83229181,0.0,0.0,104208110.04507156,0.0,-0.007641814441069705,32244142.398262598
18,18.0,101.5,25200.76674105806,31.0,35.0,34.0,2.0,98.92707147304596,98.92707147304596,0.0039291889354791006,0.9319987614340522,32.43707629436243,32.171785233964236,35.39113847167333,50000000.00000001,1308114.2972364544,0.0,2889102.2837980767,85690171.03979333,3905105.9167500036,0.0,103416229.45207718,0.0,98.67301235240373,29631633.56569605,10150.0,0.0,9918982.429526906,91323006.25742625,0.0,98.92707147304596,101441719.52191016,74462550.29135364,0.0,0.0,103956845.23055443,0.0,0.0020732550103661485,29565244.4761368
19,19.0,102.21,22334.308086026605,31.0,35.0,34.0,2.0,99.51178255694857,99.51178255694856,0.003961725397516277,1.3082532295729656,32.410683605000116,32.197511759358996,35.39180463564094,49999999.99999995,1564273.4711908635,0.0,2613874.445451529,85923115.26248854,4702482.102659358,0.0,103573030.98017278,0.0,99.12897453517729,29490529.558415305,10221.0,0.0,8364898.169510903,91532887.09238324,0.0,99.51178255694857,100601117.86814557,71590904.70597056,0.0,0.0,104027794.76749037,0.0,0.0069950738916255695,32647807.32725596
20,20.0,103.16,16338.768416974402,31.0,35.0,34.0,2.0,100.33581046412804,100.33581046412804,0.0039357877276215685,-1.0455824393921194,32.44771691548891,32.41985561402267,35.1324274704883,49999999.99999998,1397010.6624399347,0.0,2354121.461948484,86347844.29880646,4238694.704038342,0.0,102904846.07042868,0.0,99.92591942964269,28012581.152455516,10316.0,0.0,7166430.082122743,92246440.69863467,0.0,100.33581046412804,100341476.95017229,70293455.5456807,0.0,0.0,104238712.0332265,0.0,0.009294589570492118,34252800.53927184
21,21.0,102.68,-7534.722499608426,31.0,35.0,34.0,2.0,99.67890548730465,99.67890548730463,0.00387364648520991,-2.5126575855277125,32.33671166484108,32.54178868272066,35.12149965243823,49999999.999999925,1526279.537083846,0.0,1586933.1441934314,86334469.01345462,4609364.201993216,0.0,103530535.18193996,0.0,99.31514093803682,27930846.728868548,10268.0,0.0,6648077.233826342,93185362.86804958,0.0,99.67890548730465,99360055.82217695,69329197.38119486,0.0,0.0,104546256.08495247,0.0,-0.004652966265994429,35061755.29487061
22,22.0,91.67,-4587.414429490804,29.0,2.0,69.0,2.0,98.1050982959908,98.10509829599073,0.0039175194954123825,1.791682210752768,28.75168392887954,2.116907775010774,69.13140829610973,49999999.99999995,308518.78031060344,0.0,37483423.756913885,50469085.01091936,409882.8491459858,0.0,100052722.43377052,-364241.86878691247,97.87797880263675,49987896.261395484,9167.0,0.0,107447845.59351873,105699890.9493098,-144791.9865910858,98.1050982959908,209432761.89488274,67113434.12901455,0.0,0.0,99007452.14695813,-371855.8686609227,-0.10722633424230614,29094046.32026919
23,23.0,90.99,-6519.244116121321,11.0,1.0,88.0,2.0,99.21623892146822,99.21623892146819,0.0039349691486137515,0.7008237250936709,11.020569736565319,1.0272265131324696,87.9522037503022,49999999.99999994,1236848.4542687964,0.0,17190575.496435728,48411631.65776812,29980.957175069725,0.0,97919578.11965294,-2334563.49278336,98.83361932652683,51144567.24045018,9099.0,0.0,113357468.56467637,100640248.46340361,-3750704.2126618773,99.21623892146822,212463490.9347461,99249540.19398828,9991137.874773785,0.0,98155997.75590459,1837967.9813489928,-0.007417912075924571,0.0
24,24.0,93.35,251.9144766984973,16.0,2.0,82.0,2.0,99.658173917108,99.65817391710792,0.003927039523319447,-0.32616630156935617,15.72199474232827,1.9302335455284065,82.34777171214331,49999999.99999994,197072.45027979554,0.0,19775534.760979503,54631835.554784946,224350.16138559647,0.0,98296327.35357292,120205.9444598234,99.67060661946839,47854607.03980945,9335.0,0.0,89687360.93672046,94466789.38754195,-210915.145154275,99.658173917108,185463279.70189568,71630196.3114016,0.0,0.0,96180483.54279503,-1162124.8131517079,0.025936916144631228,27421686.475328542
25,25.0,95.47,10171.68429478805,28.0,5.0,67.0,2.0,99.4573459190141,99.45734591901416,0.0038907358284386434,-1.4737943184247209,27.563136095764218,4.710174651539226,67.72668925269657,49999999.99999994,257486.23007542756,0.0,16012275.465727948,61594155.37197026,366898.6624671801,0.0,102237355.51297356,3474619.942802674,99.44484954135821,43885760.34823059,9547.0,0.0,71378644.38878772,95277767.09981556,1331878.4217797308,99.4573459190141,168415939.66371644,62675970.195615284,0.0,0.0,99562355.34760858,3087804.2097101323,0.022710230316015156,37840797.46726767
26,26.0,94.72,792.7044986878755,32.0,4.0,64.0,2.0,98.53790797639661,98.53790797639675,0.003913414777804676,0.9190507094609486,31.234129662737583,3.9795608865230676,64.78630945073941,49999999.99999996,311488.21892966045,0.0,15062430.495459484,63015586.53559276,461002.56401589746,0.0,104249169.8617331,2326578.0474887127,98.8375788934053,45228688.17460899,9472.0,0.0,78124174.14302304,102457675.97543372,1016103.2016871497,98.53790797639661,180003734.67144048,64911321.06574491,0.0,0.0,100519141.0438325,980846.1252474287,-0.007855870954226463,37377558.45034013
27,27.0,93.91,13135.382128944562,33.0,3.0,64.0,2.0,99.11228164867141,99.11228164867137,0.0038923184005241565,-0.862028815573323,31.9479887070436,2.948313688290421,65.10369760466592,49999999.999999955,0.0,0.0,18920207.18640563,58726741.003340706,0.0,0.0,107153575.75156116,2898755.7039737646,99.22937277238903,49356265.8155749,9391.0,0.0,91254121.4510607,103522182.85963546,-692488.8214797924,99.11228164867141,193995517.36385754,77973113.81532438,0.0,0.0,101978957.79184411,1571758.0837728481,-0.008551520270270285,28930679.870049383
28,28.0,92.3,10676.290453070716,40.0,2.0,58.0,2.0,98.57798865763651,98.57798865763651,0.003907255473026597,0.6029282577376444,39.54807788486466,1.9483176396080406,58.503604475527304,49999999.999999955,374472.7249934988,0.0,20122373.05102835,59881548.63192206,595928.1468431025,0.0,108467599.08170344,1550125.1883687582,98.84352364431258,53347610.23243037,9230.0,0.0,101730550.30995351,104755097.00348967,-362446.0759999901,98.57798865763651,205809713.76284182,75696400.83006409,0.0,0.0,106318976.2005136,3262665.404581438,-0.01714407411351293,29928265.543567024
29,29.0,93.17,6988.23389955872,21.0,1.0,78.0,2.0,98.95628930321719,98.95628930321712,0.0039298212064727235,0.9105387474030588,19.279278544154646,0.9341331633533453,79.78658829249201,49999999.99999997,528413.2741355079,0.0,17012046.819341637,64130296.04910795,631182.8814257085,0.0,111624947.76645377,2250863.337270342,98.8046996831219,52348695.52322916,9317.0,0.0,93597816.73124018,101937685.12008476,-495625.472406134,98.95628930321719,196076311.6180015,75153308.14762314,0.0,0.0,100183790.58717388,-758023.3508034016,0.009425785482123583,25388337.779418245
30,30.0,94.52,-1891.4828776969516,14.0,0.0,86.0,2.0,0.0,99.52779563615333,0.003933828213215363,0.1555947444221946,14.687432247422885,0.0,85.31256775257711,49999999.999999955,579243.7920402462,0.0,9295561.599304782,63725712.16274071,636629.3398098147,0.0,110562052.89407931,1412688.419223189,99.65726244980584,50977364.010895744,0.0,0.0,0.0,0.0,0.0,0.0,0.0,78208613.8239233,0.0,0.0,116925536.73631689,7947117.565138124,0.014489642588816132,39259207.87994969
31,31.0,94.87,289.11355750478106,14.0,0.0,86.0,2.0,0.0,99.62927825514292,0.0039461160904643655,0.4895948030525578,13.35440662425097,0.0,86.64559337574904,49999999.999999985,484202.87296053616,0.0,6986920.273905868,65126653.95299917,534143.3320670472,0.0,113861698.04329953,1706427.3862407163,99.44063025884951,50730409.3015946,0.0,0.0,0.0,0.0,0.0,0.0,0.0,70265116.2792676,0.0,0.0,107801843.41477577,663215.7939044269,0.0037029200169276244,37720138.94455821
32,32.0,96.1,-11311.509538855928,11.0,3.0,86.0,2.0,99.94048461069595,99.94048461069607,0.003975355508843318,1.1699804187706195,10.87687510038837,2.6421714303858073,86.48095346922581,49999999.99999997,933536.2491285368,0.0,11001034.608476,68840903.55285618,1043172.4830378185,0.0,113914560.87111872,282572.2983688217,99.79593552485879,49089389.115923524,9610.0,0.0,74586391.65446389,99769308.00040972,194723.19988916814,99.94048461069595,175010016.7939047,76791721.90289304,0.0,0.0,112013064.45002094,171512.82524214685,0.012965110150732428,35767478.61542978
33,33.0,97.88,11083.78179367879,11.0,6.0,83.0,2.0,100.68101063059406,100.68101063059392,0.003969585185201413,-0.23669052308678043,10.70763422293951,5.11503710385086,84.17732867320963,49999999.99999997,1108580.0161274828,0.0,16760500.106974024,76143384.28439397,1307323.0358862411,0.0,115072399.1561653,104735.14338885534,100.59113450203134,47030867.972112164,9788.0,0.0,62732457.832856625,96727877.62255035,543463.5273439139,100.68101063059406,160197489.56259513,73016135.52637662,0.0,0.0,110447264.1651854,567148.6891862317,0.018522372528616105,38176912.79548611
34,34.0,98.16,-20074.61743211749,12.0,4.0,84.0,2.0,100.53486973460619,100.53486973460618,0.0039654714298192634,-0.17077873750473557,10.380082828617478,5.316342271729277,84.30357489965321,49999999.99999995,1366941.3477498335,0.0,21223274.78797656,79148228.5906572,1597368.6035133766,0.0,116828118.57827123,3349169.5101961372,100.34915544112616,46807520.38910501,9816.0,0.0,95524919.11130038,154715426.80526578,1147464.3176579662,100.53486973460619,250412317.63443798,69297606.24868195,0.0,0.0,100693224.96682067,710497.4797108037,0.002860645688598229,36362551.8496902
35,35.0,99.02,12513.500712857349,8.0,9.0,83.0,2.0,100.43068356850344,100.4306835685036,0.003966277181417506,0.02598746809452371,7.589788156088011,8.739854873015638,83.67035697089628,49999999.99999994,1988546.6345282318,0.0,21605914.6389796,85232923.64944354,2372360.093385367,0.0,121029292.97431569,4371789.013984503,99.60612380166408,44637282.24459044,9902.0,0.0,60599137.00267707,116589295.61293213,154049.3030088726,100.43068356850344,177874786.06960425,94401062.67261857,0.0,0.0,113903385.84619935,121845.60858704709,0.008761206193969029,36063901.15868022
36,36.0,99.78,-6579.753245942295,9.0,9.0,82.0,2.0,100.45109026799175,100.45109026799196,0.003969376266700291,0.11776860930421543,11.26026267265372,9.121440925010978,79.61829640233535,49999999.99999994,1889611.4113504798,0.0,30979680.862989876,90386504.85130835,2299334.4710311084,0.0,118798635.3120935,545569.5064349078,100.14862305150794,42986208.146712594,9978.0,0.0,54873151.66333595,124003334.5219752,-697521.4102515248,100.45109026799175,180285516.87768564,102288340.8503624,0.0,0.0,153079993.66346928,21201886.47456443,0.007675217127852907,51107643.129118845
37,37.0,99.28,-19102.111178358668,16.0,6.0,78.0,2.0,100.52957860384176,100.52957860384163,0.003982580208086284,0.5217897119799603,18.051859918740078,6.158661814708838,75.78947826655107,49999999.99999995,1502713.6334062633,0.0,25221510.256935988,89845186.6459428,1912684.737494536,0.0,124639877.03378929,6758424.499326302,99.87174149516028,45699169.674647406,9928.0,0.0,67703479.56383164,131667261.66814332,356012.03152316314,100.52957860384176,198928012.29626146,104774715.75198965,0.0,0.0,144725370.24038076,3936791.880828917,-0.005011024253357421,47898664.26227054
38,38.0,98.72,12715.12275467132,27.0,2.0,71.0,2.0,100.86398546634541,100.86398546634526,0.003990053850061433,0.2916300594092907,26.51888528148643,2.598195674304573,70.88291904420903,49999999.999999955,691560.6821351801,0.0,23848495.819526117,88590721.21443747,961561.5569068306,0.0,132203220.1656121,3184538.816675346,100.96989080874147,49683763.49000465,9872.0,0.0,102683788.63537532,172028597.27738488,-351416.85705034435,100.86398546634541,274354742.83669317,99305815.3695778,0.0,0.0,130061958.32293142,7008865.7878522435,-0.005640612409347323,38051174.22432125
39,39.0,98.79,15561.29619720197,23.0,2.0,75.0,2.0,101.05326509818599,101.0532650981859,0.0040194917804967185,1.1649256200918465,24.56710915717019,2.0168909841459843,73.41599985868383,49999999.99999998,1501686.502612118,0.0,17370552.534015957,87364531.63387719,1978021.4612406818,0.0,134124672.81922524,4217928.735145428,100.96525436549096,53913068.023541704,9879.0,0.0,83521397.1524186,138175692.56769517,-275673.20004607737,101.05326509818599,221729944.1792198,108973217.12309714,0.0,0.0,146354284.40676624,6256451.224552794,0.0007090761750405683,42534917.20146836
40,40.0,100.91,-14033.840139335138,41.0,5.0,54.0,2.0,101.798818692199,101.79881869219902,0.004022723406045718,0.12136098973627582,41.60741191180273,5.23344667249133,53.15914141570596,49999999.99999997,1645721.4805645547,0.0,20019692.360556126,95702406.74892159,3075365.825995726,0.0,136158289.05084652,1313848.6969198526,101.27344060305248,52411951.11196202,10091.0,0.0,66543985.62143924,144769703.92134887,43696.664151716235,101.798818692199,213444684.81641713,99870659.98392719,0.0,0.0,140361090.28572515,1419125.1019475206,0.021459661909100092,43556305.621546105
41,41.0,101.82,8688.435716168344,43.0,5.0,52.0,2.0,101.88066378140654,101.88066378140655,0.0040166050247945105,-0.2477123630735478,44.50587483213983,4.612941037963106,50.88118412989701,49999999.99999993,2220678.8610231043,0.0,25773074.621388324,101944040.29941383,4348260.031334086,0.0,136747659.41066998,1019475.3852251478,101.06954843713524,50658287.061762795,10182.0,0.0,50086549.25402283,128935923.3196455,1269190.7208877862,101.88066378140654,179444888.5924778,96569948.52249542,0.0,0.0,144648828.94703513,1974373.1854011312,0.009017936775344237,53307837.722626574
42,42.0,102.0,-4408.6704500435735,43.0,5.0,52.0,2.0,101.72570787710453,101.72570787710448,0.00402457539056084,0.30873816980181334,43.6086083251378,5.237363355936255,51.154028318926,49999999.99999996,1578127.2508618906,0.0,18661791.719528098,104692036.71416236,3095557.2997675543,0.0,140616679.3080761,2611663.088614066,101.36999443235707,50186357.84105837,10200.0,0.0,53527315.57393088,149728006.63986903,15881811.547877546,101.72570787710453,203437271.78363487,98577804.05907662,0.0,0.0,144965318.33831158,2407975.7382279267,0.001767825574543469,48506261.24428431
43,43.0,101.21,19173.48670704855,35.0,5.0,60.0,2.0,101.92756768025029,101.9275676802502,0.004017756971536161,-0.2752135004371137,35.84425492640422,4.0242891152258835,60.13145595836989,49999999.99999998,1317275.9684216909,0.0,23888292.50629434,105859675.79055688,2222025.0127326553,0.0,145470478.31832454,3528105.559780085,101.5233757929225,50247654.16660014,10121.0,0.0,53568787.75563334,116827092.20713301,1153985.92477746,101.92756768025029,170065812.81155795,103638243.03204374,0.0,0.0,148653764.16205546,102102.76656248442,-0.007745098039215748,46574831.76313596
44,44.0,100.55,-1956.141532760288,40.0,4.0,56.0,2.0,101.75488241555374,101.75488241555375,0.004062976610584592,1.7803990961887675,41.287328078990406,4.382321620288993,54.33035030072063,49999999.99999997,1835965.04923066,0.0,27606829.852431267,102738394.6512879,3296540.8160739797,0.0,143312071.40475112,2674035.0881331074,100.91439595567114,51127208.94876505,10055.0,0.0,82009995.03447196,161835036.8964867,-413762.79061755165,101.75488241555374,243570439.94276512,112573667.26000626,0.0,0.0,152470239.33811906,2707222.504917682,-0.006521094753482837,43314782.185989805
45,45.0,104.09,-15376.792369671282,35.0,6.0,59.0,2.0,102.90012815511564,102.90012815511552,0.004065011224692261,0.07322642494295892,34.82173169567015,6.06177742719254,59.116490877137394,49999999.999999955,1527329.066408302,0.0,31606880.012545493,108012284.41076168,2694570.89021085,0.0,149853260.8013107,2880477.1004985357,104.28323598058921,50280201.010469615,10409.0,0.0,38790431.1096672,151097854.74429908,-277076.76198494184,102.90012815511564,191333488.3897299,118358241.41864227,0.0,0.0,148796214.7140389,453874.93143450085,0.03520636499254115,42867082.78910567
46,46.0,105.51,10573.915935370256,45.0,7.0,48.0,2.0,102.95165738417391,102.95165738417383,0.004014973106399509,-1.9603354240151467,45.10953661647753,7.541864171944332,47.34859921157806,49999999.99999998,3070502.7734604813,0.0,27818287.650552332,125875259.1185415,6749348.908912822,0.0,152769102.1931502,2314295.959677937,101.8824566611906,46065360.74776787,4445777.956148528,0.0,17709921.57473142,166859253.05559894,4924339.3461771635,102.95165738417391,187451793.25687626,95706514.36775956,0.0,0.0,155247809.34597796,8571766.333492195,0.013642040541838707,62515881.13113571
47,47.0,103.36,-2403.230895616405,49.0,6.0,45.0,2.0,101.68437743686843,101.68437743686847,0.004003266141755673,-0.46914133681776543,48.52422049567598,6.998994887369888,44.476784616954134,49999999.99999994,2772847.1968343714,0.0,25381619.839345504,123996646.70480838,6368921.916995569,0.0,153508722.01060328,780415.1518141929,100.48267681535224,43293010.49453364,10336.0,0.0,38501391.65463789,181174308.64865354,-1282238.450786454,101.68437743686843,219965286.14493194,102172057.13569129,0.0,0.0,153806494.62326568,345882.2561786882,-0.020377215429817186,53460293.9201332
48,48.0,103.31,15869.392743221717,39.0,11.0,50.0,2.0,101.38788344302661,101.38788344302665,0.004017723311156075,0.5670147745172808,40.75294195435841,10.847902389900387,48.399155655741204,49999999.99999996,2899780.5453143027,0.0,30609420.81176609,117377254.72849348,5991526.562728412,0.0,150263247.52527922,-1079274.1651792806,101.40054903130266,48316179.284263745,1992403.9198193068,0.0,25625046.94628366,153086915.7322048,-1917155.8445492575,101.38788344302661,181689879.28748468,124383548.9144773,0.0,0.0,162210644.05433863,1716138.7455727083,-0.00048374613003088207,39329243.194962464
49,49.0,106.04,-3848.915111226961,46.0,15.0,39.0,2.0,101.75402992297091,101.75402992297089,0.004023697045138417,0.22976116904470043,45.84457673927887,16.927642216690472,37.2277810440307,49999999.99999997,3420840.65489118,0.0,37879052.513179764,131935557.93746904,9301178.02678617,0.0,149153219.9757375,444653.03314267576,101.07934555118435,35782422.31220724,21682510.626846965,0.0,0.0,176333692.4271448,-1228637.926977545,101.75402992297091,164416239.96727815,113227630.38294305,0.0,0.0,155725676.2029835,2241665.303757711,0.026425321846868632,47752054.75638438
50,50.0,108.42,-10009.363441798487,49.0,18.0,33.0,2.0,101.90532244844258,101.90532244844249,0.004016727231988436,-0.2812450925012878,48.26782036509478,19.104165608373922,32.62801402653133,49999999.99999997,3036594.6105932803,0.0,35603076.580786675,141812022.17361847,9976593.566076469,0.0,158010505.51905757,1644000.968916044,102.53054084094023,34395106.38776647,58308742.291463874,0.0,0.0,169615224.36562145,2297272.3913354073,101.90532244844258,115887306.71612732,101713965.16173986,0.0,0.0,157423973.38508755,5310824.709447628,0.022444360618634418,60039976.17647204
51,51.0,108.84,-12611.18960263078,58.0,19.0,23.0,2.0,101.72880293206589,101.72880293206588,0.0040341736888143765,0.6832331847121691,57.91966523449371,20.03551004266394,22.044824722842392,49999999.999999985,3048995.618635875,0.0,25370864.687899265,146822100.49944884,14428377.527492551,0.0,154642896.40705013,-1621701.8497775712,100.87142194527225,45768842.55061341,72430062.8612091,0.0,0.0,170136683.55918828,4400952.15639215,101.72880293206589,104448330.82467514,102728631.4786031,0.0,0.0,161119910.01576334,1841793.4637080308,0.003873824017708971,59809525.85533108
52,52.0,109.0,-14754.447180226096,66.0,18.0,16.0,2.0,102.17065697537124,102.17065697537124,0.004018550945592189,-0.6210245210159692,67.219376116396,17.51010443208242,15.27051945152154,49999999.99999996,1635131.9932061334,0.0,26763715.715123888,139168154.50367764,11139336.703716785,0.0,154168684.1792394,3372049.9895296413,101.96814890858163,31947988.223564625,58878149.49920389,0.0,0.0,157137040.35079253,2177225.967343194,102.17065697537124,102050309.3107933,114834730.98734441,0.0,0.0,164517794.82465422,-1123350.3263088667,0.0014700477765527964,52603696.02165968
53,53.0,107.64,-15501.856955607189,72.0,12.0,16.0,2.0,101.7749908335801,101.77499083358013,0.004036734853272332,0.7120518415602646,69.54346818874788,12.845360469436205,17.611171341815922,49999999.99999993,1373057.6143339826,0.0,18620678.771488443,154037602.461167,9237245.10043187,0.0,179585400.38168123,4581045.211628885,101.9270510767961,36276031.82521156,41670757.10271367,0.0,0.0,174649689.34980252,852761.554769429,101.7749908335801,132015096.0427476,110166738.33577909,0.0,0.0,157589260.13756546,1093325.2021759734,-0.012477064220183465,49258033.59745289
54,54.0,107.05,12986.02247271518,77.0,13.0,10.0,2.0,102.2355217718516,102.2355217718516,0.004063553734155671,1.0483874404164804,75.38354705223685,12.965988454311177,11.650464493452004,49999999.99999994,668338.5888337605,0.0,20399155.608362243,167890571.27050263,7154564.5934654055,0.0,189653902.38683826,-5525836.326919208,101.46772013191351,34591806.41151656,23051636.10838224,0.0,0.0,162360664.81065935,-1713734.7619276368,102.2355217718516,142191211.1655151,116817724.19495916,0.0,0.0,159369197.64130357,527316.7760044042,-0.0054812337421032975,42841888.95442623
55,55.0,108.8,5215.578522851283,65.0,16.0,19.0,2.0,102.91474455464662,102.91474455464662,0.004062700524842858,-0.03959935866726502,65.17489491636924,17.93195029655922,16.893154787071563,49999999.999999955,2368511.337150697,0.0,26834626.15480209,126449198.02644917,13562843.867473466,0.0,145157026.45294884,-301417.3727402742,101.75882636385741,33808504.45577019,46965860.975269355,0.0,0.0,182973605.69571722,1443295.9526732378,102.91474455464662,139207943.81007954,117446821.7308256,0.0,0.0,163699700.79058987,461847.0027355657,0.01634750116767858,47668821.28472686
56,56.0,110.36,6556.966621062951,77.0,11.0,12.0,2.0,102.8931359272667,102.8931359272667,0.004046055609925599,-0.6566480363888006,74.75952966130895,14.516832656272184,10.723637682418875,49999999.99999995,2542923.456440201,0.0,28488974.39097608,139672646.3901044,23386419.387728382,0.0,145019612.4475536,-3178748.179909494,101.006812299927,23940066.838738985,93856304.43123737,0.0,0.0,214163294.69786453,2030287.9933152646,102.8931359272667,124809427.21528178,104639327.8610568,0.0,0.0,157558446.2280955,-1067506.2893882424,0.014338235294117707,55922506.48170055
57,57.0,111.16,-17203.28056173463,75.0,17.0,8.0,2.0,102.4715819676266,102.47158196762658,0.004077695256035828,1.235098311204099,75.13080560647943,18.28041569585119,6.588778697669397,49999999.99999994,1067681.9534844933,0.0,14140932.67413025,127454243.61074637,14835440.743667036,0.0,134112278.97111487,2363995.712711716,102.73990826328901,22452793.324860968,99734871.03978352,0.0,0.0,175101858.12108907,3079400.228318412,102.4715819676266,77079947.49474189,109509029.28954,0.0,0.0,163121193.74531728,-207658.25956504713,0.007249003262051357,57020176.603190325
58,58.0,111.47,-6433.4016664977535,68.0,21.0,11.0,2.0,103.27289685362506,103.27289685362507,0.004048611017690984,-1.138520511521401,68.99494821057381,21.66287512569741,9.342176663728779,49999999.999999925,1692959.475034631,0.0,13635957.480323862,122835084.08337069,17155835.698373668,0.0,140016330.96677384,743203.9652255733,103.76958386063833,53974497.90389286,84641577.7389689,0.0,0.0,170067020.868642,494758.8546152023,103.27289685362506,85619926.55507255,113680151.8017024,0.0,0.0,167275248.1529675,2706167.98510517,0.0027887729399065364,55122025.638382494
59,59.0,111.13,-810.9854505298426,82.0,17.0,1.0,2.0,102.5363009684354,102.5363009684354,0.004050847603931502,0.0814277735064758,80.36943464757654,18.68752375321857,0.943041599204919,49999999.99999996,83117.88935485866,0.0,10008436.446991716,154732964.54026246,9236891.044005442,0.0,154964456.20459074,195768.06807482243,102.40534423413266,0.0,102542677.3402407,0.0,0.0,180635906.24144077,-3482496.8493243568,102.5363009684354,81562035.62815017,111476361.63106725,0.0,0.0,161056518.50783053,62342.74443705825,-0.0030501480218892985,50965637.6264079
60,60.0,111.14,-3893.9499477735953,73.0,26.0,1.0,2.0,102.59294540251356,102.59294540251354,0.004055265429451971,0.16685800816670077,73.9719954278071,25.08602533264148,0.9419792395514113,49999999.99999995,136170.77999993123,0.0,7822049.037620858,156337062.00222865,15134020.489192357,0.0,156326354.34911174,-151073.66131860018,101.60715788517933,0.0,87250599.71653761,0.0,0.0,160121399.41023174,1612620.1983794258,102.59294540251356,73237329.34018755,117930289.98110189,0.0,0.0,168164895.8089963,1662105.501700462,8.998470260057623e-05,50246074.762250826
61,61.0,111.38,-4423.828465849336,75.0,23.0,2.0,2.0,102.70483253743801,102.70483253743795,0.004054518800312033,-0.03549535616143018,74.96748635882777,22.741267558906806,2.2912460822654297,49999999.99999996,0.0,0.0,6636230.502535879,160787455.60340044,0.0,0.0,190067613.0590931,12777.718297488987,107.48144446505924,29410230.39290055,91376588.92278272,0.0,0.0,164041303.96139988,11848.666580916746,102.70483253743801,72810524.3227665,115017359.4802908,0.0,0.0,165835714.74696332,-67391.7944957759,0.0021594385459779986,51140499.730540864
62,62.0,111.45,26704.845580791705,61.0,34.0,5.0,2.0,102.68592319053597,102.685923190536,0.004027964072344672,-1.0459557096867957,60.92343237171497,33.43242126477971,5.644146363505276,49999999.99999996,558128.8262112301,0.0,8718717.64326781,178799631.13206276,12440691.53624832,0.0,187594926.3512758,138184.89471105038,102.57040872007842,22084295.44621823,92687093.43712701,0.0,0.0,163411169.7580004,573747.5568145193,102.68592319053597,70767548.93888727,113813368.83932912,0.0,0.0,165976787.11351174,124200.86548726041,0.0006284790806250218,52203904.96502678
63,63.0,110.75,-22272.26905153459,56.0,38.0,6.0,2.0,102.0133904213718,102.01339042137185,0.004061805387883715,1.327443329594447,53.433024982210945,39.25201956543403,7.314955452355039,49999999.99999996,1118113.3222710981,0.0,10313954.790352086,181408463.28141347,20638508.406920686,0.0,201898559.4398185,45361.42892746627,102.42289267060762,40475501.280977614,97277551.73994383,0.0,0.0,171061074.23884693,-130905.5465870535,102.0133904213718,73570586.56954136,109678368.11021017,0.0,0.0,158013618.8215467,-952881.1345385077,-0.006280843427545979,49003968.87421455
64,64.0,111.34,-11568.11552591587,52.0,39.0,9.0,2.0,102.87046542811278,102.8704654281128,0.004051701163217585,-0.4011655328359389,52.160526665677544,39.373397220782756,8.466076113539676,49999999.99999995,647901.6525267164,0.0,14866271.008557582,141943233.27776635,8015263.332480512,0.0,154877327.43767837,5117226.738162834,104.83878801223149,19956542.13578742,91743836.1303436,0.0,0.0,166221220.89425072,-3338261.784787164,102.87046542811278,77930803.640761,117765721.68215424,0.0,0.0,165153130.7339082,-227909.6688531557,0.005327313769751818,47694168.75361378
65,65.0,111.59,-13306.129064582696,46.0,44.0,10.0,2.0,102.61456289341832,102.61456289341842,0.00407517688969001,0.9135074007059915,42.842023155878664,48.00230563845147,9.155671205669883,49999999.999999985,965869.8979515315,0.0,15322668.178167231,137175667.3440967,10778142.191241141,0.0,151492631.1223597,3927090.967940697,104.57856960419659,28813356.851151954,108108854.51673342,0.0,0.0,180513938.44399974,1076545.3458733114,102.61456289341832,73785192.4350064,104690551.25988477,0.0,0.0,154103839.85425493,-104544.10479633996,0.0022453745284714,49927525.44600797
66,66.0,112.67,33794.29243822186,44.0,56.0,0.0,2.0,103.20911597458895,0.0,0.00404070603220363,-1.349051423083547,41.00162678788829,58.9983732121117,0.0,49999999.99999998,0.0,0.0,10408186.41619628,0.0,0.0,0.0,0.0,0.0,0.0,0.0,113049749.50273469,0.0,0.0,174085358.1144921,185571.6272743339,103.20911597458895,62523862.20251905,107316895.7562131,0.0,0.0,153977990.35728127,-747650.3875168312,0.009678286584819507,48458266.28770292
67,67.0,111.87,-26730.151104018092,25.0,74.0,1.0,2.0,102.33609700526361,102.33609700526368,0.004044595138077707,0.14652100049813,23.7542659183039,74.85643741539978,1.38929666629629,49999999.99999997,115816.62421397562,0.0,3872204.567344119,231313885.97938392,12956405.750817453,0.0,231821228.58228254,732893.6407667994,103.05989216097757,0.0,110654692.91300191,0.0,0.0,168793471.03907907,2003723.0721243345,102.33609700526361,57736428.1400724,104826105.93054077,0.0,0.0,158547651.99809527,536374.1726645791,-0.0071003816455134094,53358428.935418196
68,68.0,111.91,-42437.43654873065,17.0,82.0,1.0,2.0,102.4345936325416,102.43459363254152,0.004091362611631486,1.829294035720446,14.631981802764827,84.20583095626377,1.1621872409713832,49999999.99999997,16680.934335026657,0.0,3523331.370352436,193348210.0297726,1866763.3614328331,0.0,193317223.97173107,-424272.99634990096,104.02520694122286,0.0,111268688.32836096,0.0,0.0,170813723.7084762,-562242.5017229299,102.4345936325416,59730122.911688454,102045028.17816246,0.0,0.0,143168896.57283875,-340436.3225791656,0.0003575578796817247,41146863.80017496
69,69.0,113.1,28904.029994491953,10.0,84.0,6.0,2.0,103.61904027927795,103.6190402792778,0.004100128911960702,0.33386465828375206,8.893324876960268,86.19785577206858,4.908819350971159,49999999.99999998,458461.67881375214,0.0,4439278.945830067,125956392.6823616,8642002.645639226,0.0,136200479.1346731,-289158.6657693684,105.72231132390336,32803925.173228458,109748408.7581743,0.0,0.0,170832309.5510956,181307.64196333024,103.61904027927795,61709816.35345635,102819977.13639744,0.0,0.0,148052925.48840582,23743.224878154695,0.010633544812795881,45761959.18370392
70,70.0,113.45,52589.23175296461,7.0,92.0,1.0,2.0,103.84105815281711,103.84105815281727,0.00411360057268814,0.5153153188282684,7.0465917223684915,90.82174791692474,2.1316603607067828,49999999.99999997,35766.46931532258,0.0,5488434.375299746,355497513.74712414,4057705.943823347,0.0,355087814.7049026,1328834.7087776065,105.60133505447924,0.0,107810856.26135729,0.0,0.0,164444664.97838685,50665.45256533085,103.84105815281711,57375887.73337356,111020683.21945223,0.0,0.0,167686781.4897556,595467.830838131,0.0030946065428825165,56853719.21049302
71,71.0,113.57,58995.14987033658,23.0,72.0,5.0,2.0,104.1822453532813,104.18224535328116,0.004120431401174998,0.25733547502510595,21.161238321425635,73.21449792957519,5.624263748999199,49999999.99999997,932681.4510886791,0.0,6527690.402836112,180430056.01594633,21184926.480028257,0.0,188117461.32148838,4721877.704551086,103.35059261721608,21367167.640190374,105980146.39360416,0.0,0.0,170058375.84926677,482801.8294183488,104.1822453532813,64147313.90338734,105099908.18848091,0.0,0.0,153867421.93797836,328934.30184774427,0.001057734684883016,48829725.916342095
72,72.0,113.6,2571.9485152548295,18.0,74.0,8.0,2.0,104.35524490362872,104.35524490362856,0.004160847022803179,1.5507971246531786,15.622076180352854,75.95692481600987,8.420999003637279,49999999.99999995,1827489.201507032,0.0,10948099.398794735,164637035.68827486,25950346.661399852,0.0,175035924.34797966,561610.3762905952,102.97799621392974,41675417.52826898,103568020.24724178,0.0,0.0,170682587.21114367,-303236.4471368413,104.35524490362872,67509929.95211408,103769630.60912341,0.0,0.0,144317770.01921234,-4293097.194225791,0.0002641542660914986,44917617.87656745
73,73.0,114.16,-58125.50391437439,10.0,73.0,17.0,2.0,105.37882269981225,105.3788226998124,0.004173560171881289,0.4787651743197019,9.845721498817149,73.03349427684297,17.12078422433989,49999999.999999955,3117359.121345097,0.0,21875403.48577365,168745188.63673192,20933983.370162137,0.0,166464208.05769825,-2869673.0518042566,102.78288777084352,10523001.90464751,91855626.81847635,0.0,0.0,165365670.57191628,-836552.1934338683,105.37882269981225,75598687.81044905,112721841.94038932,0.0,0.0,162739764.60355467,1031717.8013362319,0.004929577464788837,50308149.95113788
74,74.0,114.41,-11008.739392257994,12.0,68.0,20.0,2.0,105.70079961348327,105.70079961348321,0.004213668209509196,1.519276693703305,11.546659371561224,69.43545403179442,19.01788659664433,49999999.99999996,2531842.1281662066,0.0,20899692.866992235,157868215.07223853,14483402.894174788,0.0,156035553.83670947,1370306.8756004788,104.25349950300377,8121133.4462275505,92534860.27469186,0.0,0.0,167557424.40763065,-1716368.9154993966,105.70079961348327,78434101.43366456,109871465.27627085,0.0,0.0,157894287.2936691,-2527400.170604466,0.002189908899789872,50973341.0687067
75,75.0,115.92,48101.18607232446,9.0,76.0,15.0,2.0,106.71658744775486,106.7165874477548,0.004188365025605632,-0.9595364453252883,9.205815629017494,76.76235518417224,14.031829186810269,49999999.99999998,1679764.4604216171,0.0,17813895.176855408,148493369.8081175,12981219.750138257,0.0,154244343.358851,-731017.8011920482,106.63390064439473,27286011.636247296,99291452.793209,0.0,0.0,166540902.79738227,266429.88569686934,106.71658744775486,70395600.04937647,121136434.79307665,0.0,0.0,168657624.49502787,7784621.68520842,0.013198147015121009,52992958.07577516
76,76.0,115.54,-67688.90360089974,9.0,83.0,8.0,2.0,106.07575164780795,106.07575164780793,0.0042198661843438606,1.187671132215869,8.352667197778656,82.90875104254084,8.73858175968054,49999999.99999997,1272322.6313689584,0.0,13815344.406485923,181079465.70296055,18375519.603546184,0.0,181978549.71989793,-7420695.460200708,104.0471297468267,25723386.25099848,102850493.17233849,0.0,0.0,166414633.6105393,2932263.776843727,106.07575164780795,64630228.91109764,102989827.63163221,0.0,0.0,154615098.34548724,-1436204.5213506867,-0.00327812284334017,53613888.71714071
77,77.0,116.17,-39336.903689226834,2.0,84.0,14.0,2.0,106.87355916231698,106.87355916231682,0.004167555563004488,-1.9741158800506466,1.8660036411747416,84.56700780621088,13.566988552614395,49999999.99999996,2028783.8854016645,0.0,13451445.439523159,154591640.9701853,16834558.854793668,0.0,161729503.54143804,3996608.130195952,106.34524965860669,25845927.35535128,100484651.93286146,0.0,0.0,168017883.20528224,-312337.8965139481,106.87355916231698,69616800.11452228,109551551.77167189,0.0,0.0,155709934.3943103,-179947.72321891785,0.005452657088454105,46494452.46291601
78,78.0,114.47,-29361.587241249857,4.0,74.0,22.0,2.0,105.54872514144859,105.5487251414484,0.004164019578945833,-0.14095632552583556,2.9488759760683387,76.70630347153804,20.34482055239361,49999999.999999955,3100510.5715016327,0.0,18404539.940856382,143546895.67273867,16132520.232717814,0.0,153812362.7362081,-539019.4860261001,105.02023345182899,37850128.019965075,97551476.77550252,0.0,0.0,172408786.57964602,-617861.3396672468,105.54872514144859,76409759.06689744,82165490.19437432,0.0,0.0,122618663.09897831,260474.9254469499,-0.0146337264353964,39785594.507405244
79,79.0,114.69,33702.45994709624,2.0,85.0,13.0,2.0,105.45917178004294,105.45917178004287,0.004169940865271591,0.21946918346914132,2.5836801537238276,83.88022550097163,13.53609434530451,49999999.999999955,2387646.9156077225,0.0,20385107.561438046,154565963.10373914,21064555.750080746,0.0,171065026.06877166,-5742975.930395184,106.7938380437847,46494106.85318043,99577816.54847836,0.0,0.0,162125702.58206424,-1486678.8198484818,105.45917178004294,66097200.30766248,156870279.47658998,0.0,0.0,212236444.29771787,-1283752.8695572019,0.0019219009347426486,55556278.74032601
80,80.0,114.87,-27375.421259974828,7.0,80.0,13.0,2.0,105.60913600089933,105.60913600089914,0.004133568586087109,-1.3909210491026778,6.732778571819788,79.53529116298718,13.731930265193004,49999999.999999955,2031847.5577741787,0.0,13074353.558099063,152213004.8088136,17953717.612424605,0.0,174519233.6294274,4314896.780456195,106.79713134712462,41594694.50114695,101073815.59690243,0.0,0.0,164257401.63487536,286856.9801039975,105.60913600089933,66703707.914058186,109087687.69457881,0.0,0.0,158910045.4214087,1952474.6290385362,0.0015694480774262054,49919833.47554731
81,81.0,113.96,-52825.45442341163,11.0,77.0,12.0,2.0,104.68796107224537,104.68796107224546,0.004113792715155652,-0.7657384492721827,11.213868431690534,76.85782182866444,11.928309739645018,49999999.99999996,1530385.0341056334,0.0,10914746.019819992,144842610.1344249,14533556.540556496,0.0,164727851.40364954,-1050449.6222972423,106.15600050513355,49667313.140055336,102327140.94675273,0.0,0.0,165411888.1852818,798735.9878337765,104.68796107224537,65477342.970122226,115510725.79086794,0.0,0.0,168939865.18348387,107123.87370339442,-0.00792199878123101,52937336.73518057
82,82.0,113.0,67306.99583824241,7.0,72.0,21.0,2.0,104.18711160933593,104.18711160933574,0.004100584785737784,-0.5159423903523391,5.901104851212909,74.64016706717783,19.458728081609255,49999999.99999995,2888229.6968633854,0.0,21975413.07122282,142349431.6717975,15541426.464074407,0.0,153686138.5158154,25829.182026192546,103.4692487557803,28633811.9061534,97432460.57862228,0.0,0.0,171941080.1294019,619432.8691815098,104.18711160933593,75978346.12792267,104587677.67264445,0.0,0.0,139821782.86621925,-4430077.902834241,-0.008424008424008367,39551219.89798566
83,83.0,113.1,76315.77486697398,0.0,91.0,9.0,0.0,103.85260374477612,103.85260374477615,0.00410228990545647,0.05974169898702323,0.0,87.76835806569483,12.231641934305195,49999999.99999996,1055434.5435935438,0.0,20678914.369721264,205223626.6668643,13263294.097825535,0.0,222705432.012789,-2010763.4745520419,105.19127583703727,42657089.18065446,99969316.58190729,0.0,0.0,158046594.31166986,-1991574.9062041014,103.85260374477612,61579574.61711876,0.0,0.0,0.0,0.0,0.0,0.0,0.0
84,84.0,112.58,-59308.87290862808,2.0,76.0,22.0,2.0,103.89578810304096,103.89578810304083,0.004106502118525714,0.15673049925910668,1.7930393159809392,73.48268593283954,24.724274751179497,49999999.99999997,3902626.752144213,0.0,22681297.429546326,166502986.77090332,19970805.44347252,0.0,186547130.47062224,5260812.145101532,105.00882708519062,48454461.02813712,88911923.21296687,0.0,0.0,160494118.81323066,1273230.9392429327,103.89578810304096,72890255.3813951,102250061.25110424,0.0,0.0,148815274.3980585,64029.95179260522,-0.0045977011494252595,46304080.758564
85,85.0,112.76,38456.897557076416,1.0,77.0,22.0,2.0,104.00246783718282,104.00246783718279,0.004066223686928215,-1.5633118309265435,1.4486820480156806,76.37296543107047,22.178352520913833,49999999.99999995,3699951.329151751,0.0,17808040.96193103,152120345.39347446,18963932.35796143,0.0,163856410.43149126,-7469603.333250054,105.05248513359699,49133559.54505339,92656782.82617772,0.0,0.0,161215117.4083942,-2345495.608634773,104.00246783718282,71997213.34404768,166428260.34562024,0.0,0.0,235466925.7083942,-414018.1114002168,0.0015988630307337548,69219048.47799404
86,86.0,111.38,7219.272558498604,6.0,67.0,27.0,2.0,102.98236455564458,102.98236455564468,0.00404856617559692,-0.6956162083762665,5.756025494156019,66.25002124697068,27.993953258873294,49999999.99999997,4314782.292057873,0.0,27927792.830380514,150367166.99772075,17799275.988496516,0.0,168851730.63960516,-2637425.2092432817,103.73070836872455,59918695.39579438,87837681.1105085,0.0,0.0,161033512.69725576,1136323.161235401,102.98236455564458,76971558.62302521,106643501.24824129,0.0,0.0,156234343.10537696,4475494.969496082,-0.012238382405108328,48883178.33146152
87,87.0,110.2,-24329.14253376884,6.0,59.0,35.0,2.0,102.53516528451011,102.53516528451007,0.0040439387043207245,-0.18771230490918508,6.289078107387704,59.362911720166736,34.34801017244558,49999999.99999998,5975997.128904209,0.0,34961655.3200213,148042155.08811173,18815853.817292683,0.0,158529797.81641042,-830472.4245555286,101.20337155442114,34332751.48327326,75711416.33771788,0.0,0.0,162532625.29276517,-1703819.9790229553,102.53516528451011,90596041.3769362,126516326.58711286,0.0,0.0,169321889.16407692,-359512.027328372,-0.010594361644819417,45677403.10560503
88,88.0,110.67,-34469.881546786055,8.0,67.0,25.0,2.0,102.4179686001592,102.41796860015938,0.004052682689018572,0.33697744891878006,7.727037601362197,68.0578050927649,24.215157305872907,49999999.999999955,4090220.5145517434,0.0,32498809.160199896,149056923.34541386,18106588.173817657,0.0,154178361.3419854,-678380.1606735837,100.92780642385475,43064708.71492247,87848002.02519698,0.0,0.0,161688553.43019322,-1564033.824867002,102.4179686001592,79151520.50510316,125226692.93719405,0.0,0.0,153744354.76991934,-14325303.627137972,0.0042649727767694046,42311895.098018065
89,89.0,110.49,-13517.724456416036,7.0,60.0,33.0,2.0,102.6394213015238,102.63942130152385,0.004049115925837772,-0.14597967496082245,6.293846849751013,58.77280830802553,34.93334484222344,49999999.999999925,5215782.405602122,0.0,32377721.157170292,154874542.89527714,17463387.818029646,0.0,170935766.37019008,3655956.8969027624,102.96640353454093,37597494.87874207,77807267.34049676,0.0,0.0,158172837.195502,1778222.8058851333,102.6394213015238,84965462.4717227,101679051.65197897,0.0,0.0,145186034.41067117,380837.90546513454,-0.0016264570344267648,46587020.26775072
90,90.0,110.91,-17906.44003870827,5.0,74.0,21.0,2.0,102.54908841911288,102.54908841911269,0.004059344195664537,0.39472978420648724,5.162680957302798,71.59796780711787,23.239351235579345,49999999.999999955,4420617.536801031,0.0,30799289.279509377,172394982.25218818,23347175.762219157,0.0,177233798.0100019,4030677.744849836,101.0173536931715,50158828.49924869,86217740.65270634,0.0,0.0,154956862.76356488,-2920317.060918398,102.54908841911288,74109243.6744584,115452453.52411994,0.0,0.0,165366342.96479243,-108843.08343544602,0.003801248981808225,50150737.62023641
91,91.0,110.79,4730.397300791927,10.0,58.0,32.0,2.0,102.80813255764836,102.80813255764828,0.004035423194733721,-0.9417250536323087,10.03023108915298,56.708690371729276,33.26107853911776,49999999.999999955,4097818.299419641,0.0,32123658.538480178,147879852.54767478,14187415.293521937,0.0,167585629.31194326,3344916.48447335,103.1282302975637,52992290.474352516,80654890.49781439,0.0,0.0,157642041.1225118,405862.3529947778,102.80813255764836,82552778.02485047,120444569.43893778,0.0,0.0,161719118.01289472,-2295695.8297830475,-0.001081958344603673,51653638.77847861
92,92.0,110.14,22922.534885598812,9.0,60.0,31.0,2.0,102.20230232594896,102.20230232594896,0.0040230757682706885,-0.49199008446194287,8.353869035307206,60.17312951629722,31.47300144839561,49999999.999999955,5041085.498112653,0.0,25244006.349024374,152185615.75471547,17910488.927810572,0.0,164005654.44950458,1660968.1629272762,102.38005409713188,47138456.300746165,80012095.96439745,0.0,0.0,162006971.0574343,663970.4938258163,102.20230232594896,84757252.18012708,110611030.95808378,0.0,0.0,149943452.6008337,-6712591.234323347,-0.00586695550139904,45680950.038393795
93,93.0,109.57,51834.63425822137,5.0,56.0,39.0,2.0,101.88958780967002,101.88958780967002,0.004014284983012749,-0.35314063062647966,5.271284376234327,53.89595578324978,40.832759840515905,49999999.99999994,4300708.55819016,0.0,31239920.854426924,148387634.92050818,12082785.556946047,0.0,167738664.8759633,-1931691.8583807212,103.35624722758646,48005971.95070273,74606135.86560337,0.0,0.0,154190354.02125886,-362477.0129040285,101.88958780967002,84730397.01173957,126706442.03867956,0.0,0.0,168902273.90594172,-7494160.941190401,-0.005175231523515622,48941393.00988444
94,94.0,109.22,42032.85091378348,8.0,57.0,35.0,2.0,101.66694982369947,101.66694982369937,0.003984120626530104,-1.1991190652508863,7.067989020786952,54.394364097362,38.53764688185103,49999999.999999925,5785928.814272266,0.0,28084797.589093417,157647958.83079672,18055404.145566195,0.0,177020958.6555329,2181762.4401845406,102.37409163514708,49636900.363083184,70636056.30131932,0.0,0.0,153421628.39451274,299541.9833213048,101.66694982369947,86274515.68257868,111821136.1352083,0.0,0.0,142040901.14201492,-4665140.346443353,-0.0031943050104955573,41433055.62692657
95,95.0,107.71,3750.459238334559,8.0,45.0,47.0,2.0,100.90299855218707,100.90299855218709,0.004009153538406214,0.9911542593319448,7.70364570480031,42.810238897150114,49.48611539804962,49999999.99999995,5450409.624027499,0.0,41982877.7606971,145207514.7668304,12490715.332000043,0.0,167405241.09993333,204384.4230435738,102.0020346218063,49437456.03658186,62050815.14465113,0.0,0.0,151258114.59298247,-5289250.805005063,100.90299855218707,97138987.62706487,108369148.78200236,0.0,0.0,153105171.1192088,6352436.888740726,-0.013825306720380959,45671597.05894108
96,96.0,107.95,49250.51028107153,1.0,43.0,56.0,2.0,101.53698936410495,101.53698936410487,0.003976162115796001,-1.3125853813620283,1.013414513427325,41.945937800193164,57.04064768637953,49999999.99999995,6943346.477086147,0.0,42223308.73074325,140255889.28090408,13384540.21788303,0.0,161643957.66573256,42750.91645252838,102.03566829307317,46948536.171171114,54637126.78598973,0.0,0.0,154804830.01369986,-730081.0106545534,101.53698936410495,107026849.61649296,118411022.25737154,0.0,0.0,160823745.93622437,-1010359.3915982544,0.0022282053662614487,42526561.21477254
97,97.0,106.4,26568.088525318075,1.0,37.0,62.0,2.0,100.70143899303785,100.70143899303797,0.003991193175732448,0.593834751412739,1.2596253831189332,35.20456926702019,63.53580534986085,49999999.99999995,6308014.101809445,0.0,48242453.59581885,140683909.90301108,10825366.136008468,0.0,161090292.58026713,-1154394.3298450243,100.81400038034312,45465259.83908525,41725164.0270614,0.0,0.0,149568394.39389622,-2119193.647670369,100.70143899303785,114773975.50226787,134874510.8472826,0.0,0.0,198008541.23482794,126821.3934032619,-0.014358499305233918,62320992.802454844
98,98.0,106.94,-32953.74698024022,3.0,41.0,56.0,2.0,101.08211999172691,101.08211999172701,0.003983970411303415,-0.29354531956001123,2.0532797343924747,38.22162812991606,59.72509213569153,49999999.99999998,6973513.421786234,0.0,51844917.586322896,146861323.25537592,13316920.095103925,0.0,167668682.75124386,-297421.52796610736,100.86147643068175,49610326.63775956,44356391.53155962,0.0,0.0,146557644.76356602,594039.9367802679,101.08211999172691,110235291.30527517,94766318.24940936,0.0,0.0,107599441.486458,-2076437.2640672922,0.005075187969924677,28263594.22558174
99,99.0,107.38,-15140.62355559098,1.0,40.0,59.0,2.0,100.89919415763642,100.89919415763629,0.003997058862631625,0.5152535107100727,0.7570188572873249,40.472304833524795,58.77067630918791,49999999.99999994,6180586.672958783,0.0,42495684.67355702,134882633.14107168,11248667.744784981,0.0,156132221.80912474,-2477054.1975683826,101.71195309200883,45468810.4332386,59277813.49959509,0.0,0.0,158592194.72261912,2475073.9624866107,100.89919415763642,107798522.58496217,80643003.20845257,0.0,0.0,118656234.20009218,180355.16504769027,0.004114456704694236,38384507.51399352
