,Gen,Price,Mismatch,Dividends,RDividend,Volume,Rep,Pos+,Pos-,NegW_per,Num_NT,Num_VI,Num_TF,Mean_NT,Mean_VI,Mean_TF,WShare_NT,WShare_VI,WShare_TF,NT_cash,NT_lending,NT_loans,NT_nav,NT_pnl,NT_signal,NT_stocks,NT_returns,VI_cash,VI_lending,VI_loans,VI_nav,VI_pnl,VI_signal,VI_stocks,VI_returns,TF_cash,TF_lending,TF_loans,TF_nav,TF_pnl,TF_signal,TF_stocks,TF_returns,MeanReturn,Spoils,TimeA,TimeB,TimeC,TimeD,TimeE,TimeF,TimeG,TotalTime,PerSpoils,NT_MonReturns,VI_MonReturns,TF_MonReturns,AvgMonReturn
0,0.0,118.46,3370.91607414966,0.0037689893078765627,0.40007797299253905,1907421.8352054418,0.0,49999999.99999999,32056.997058330406,0.0,64.0,7.0,29.0,95.21080520376933,95.2108052037694,5.586206896551724,66.39326948529747,3.5262186172625416,30.080511897439994,68470950.43866368,59335.49799265343,-124467762.38424708,235246732.74073568,-237549.6957650534,95.24999703065359,42887162.747439176,0.9989905665731604,93298379.29071935,0.0,0.0,114232771.23584451,-109668.33127455413,95.2108052037694,20872294.482159894,0.9990408781578413,3451759.462026352,0.0,-125257119.97701222,235215936.72619095,-598745.888716303,-0.012499282334842654,106165522.66923252,0.9974609487660835,0.9985504992200357,0.0,0.0009976249999983366,1.858400000109839e-05,2.0799999944642877e-07,0.0002940000000002385,0.001516583000000793,0.00027970899999907317,0.0007147090000003686,0.0038214179999993547,0.0,-0.007045178456985601,-0.0064988307885699426,0.03202836161679001,0.004324392501198423
1,1.0,118.54,483.86250349503825,0.0037557162942699314,-0.5653108448822276,1863705.8983624587,0.0,49999999.999999985,91407.20255126641,0.0,64.0,7.0,29.0,95.4545201632697,95.45452016326962,5.586206896551724,66.40929883932093,3.5274063637374646,30.06329479694168,67902886.37799251,169303.27797542376,-124467762.38424708,235096428.15442875,-150304.58630701713,95.4654005923204,43497280.40571083,0.9993601716347881,93028394.17567512,0.0,0.0,114170673.77287923,-62097.46296529472,95.45452016326962,21160737.223656613,0.9994563953732937,4541401.756534177,0.0,-125257119.97701222,234874402.1082711,-341534.6179199013,-0.009427957064746008,105151089.09189823,0.9985479961480704,0.9991313764053353,0.0,0.0009731250000015734,1.866600000077767e-05,0.00017629200000079948,0.00029220800000118174,0.0014097500000005425,0.00027941599999969924,0.0006488750000013255,0.0037983320000058995,0.0,-0.0076795920868996115,-0.00703890262079121,-0.018562785455094932,-0.010790869901048668
2,2.0,118.4,9177.888071008987,0.003723925952868774,-1.3499693777816086,2134371.2337883273,0.0,49999999.99999999,53878.794465130995,0.0,64.0,7.0,29.0,95.11836395760103,95.11836395760096,5.586206896551724,66.39517692176399,3.528388754566518,30.076434323669528,68385640.31083082,99675.76976049235,-124467762.38424708,235018980.88363594,-77447.27079275856,95.2110307656196,43652696.7473854,0.9996654057825031,93377653.8102274,0.0,0.0,114189131.3993317,18457.626452490687,95.11836395760096,20790845.202723797,1.0001616669661528,3558808.890731428,0.0,-125257119.97701222,234949610.82544473,75208.71717353833,-0.008900738827000005,106012970.15543832,1.0003202082919553,0.9998900367930997,0.0,0.0009726670000009818,1.8708000000700054e-05,0.00011241699999864352,0.00029112500000039176,0.001315500000000469,0.0002762920000005664,0.0006487499999998647,0.0036354590000016174,0.0,-0.008375891095077526,-0.007285061378602298,-0.019013098266339123,-0.011384323094590122
3,3.0,117.59,3489.822525110387,0.0037488804488896074,1.0575024881938708,2206423.237049126,0.0,49999999.999999985,110448.39538982556,0.0,64.0,7.0,29.0,94.31323251880052,94.31323251880052,5.586206896551724,66.40807286612205,3.528086701464595,30.063840432413382,68644878.69819786,202931.6689670248,-124467762.38424708,235042276.89934716,23296.015711229295,94.38322608173509,42407355.64013578,1.0001130069085362,93504157.07523349,0.0,0.0,114168499.01295117,-20632.386380523443,94.31323251880052,20526471.9829351,0.999819313921319,2741774.3505659653,0.0,-125257119.97701222,234828899.02318203,-120711.80226263095,-0.014107928759980624,106108238.5380962,0.9994862236717206,0.9999106812607544,0.0,0.0009746659999994023,1.8708999999006437e-05,0.0001125000000001819,0.00029016700000106255,0.0014882499999995247,0.0002776250000007252,0.0006423749999999728,0.003804291999999876,0.0,-0.006328766950772002,-0.005567113468248008,-0.015076429250822532,-0.008812273274009977
4,4.0,117.81,-3520.866749810608,0.003721446882936665,-1.1679333439957607,2292429.2428577524,0.0,49999999.999999985,147271.99433140148,0.0,64.0,7.0,29.0,94.94523734794832,94.94523734794846,5.586206896551724,66.43551385937914,3.531108723966399,30.033377416654517,67779364.24926813,271095.5258153502,-124467762.38424708,234654450.1217367,-387826.77761042956,94.86784564625745,44069169.80850438,0.9983398737151499,92807008.85440622,0.0,0.0,114030629.05816862,-137869.95478259027,94.94523734794846,21266377.75090703,0.9987923993397957,4683154.094583032,0.0,-125257119.97701222,234107132.86567438,-721766.1575075861,-0.009465458367930488,104368860.04374348,0.9969264242315746,0.9979616501586382,0.0,0.0009674589999999483,1.8665999999001315e-05,0.00011016700000077151,0.00029187500000027455,0.0013053750000011632,0.0002941249999999229,0.000683750000000316,0.003671417000001398,0.0,-0.007142061793961041,-0.005966218534856904,-0.016059590877977703,-0.009645836200188584
5,5.0,117.27,1460.9287132765603,0.003743320322927623,0.9267830838604287,2396826.861563798,0.0,50000000.0,240456.2635494991,0.0,64.0,7.0,29.0,94.25044687217475,94.25044687217475,5.586206896551724,66.4187143432621,3.531335017599586,30.049950639138363,68403118.57237813,440598.5316632774,-124467762.38424708,234668039.35968864,13589.237951919436,94.18010430641878,44669711.91147079,1.0000616000596068,93143156.95829879,0.0,0.0,114073386.60531327,42757.54714463651,94.25044687217475,20837113.095321815,1.0003749654588228,2869065.910987168,0.0,-125252896.85826823,234309134.11533874,202001.24966436008,-0.01184739648958875,105712268.95417064,1.0008628574742795,1.000315900287807,0.0,0.0010679999999982925,1.883300000038446e-05,0.0001344999999997043,0.00028775000000003104,0.0014945829999994942,0.0002836669999997099,0.0006547920000006258,0.003942124999998242,0.0,-0.00756559619442454,-0.0060991928176709065,-0.016302243488238166,-0.009996575673257737
6,6.0,117.64,1245.4297546778398,0.0037326905417418917,-0.45705131925003,2388524.7013921808,0.0,50000000.0,249926.43750534818,0.0,64.0,7.0,29.0,94.80441997957867,94.80441997957881,5.586206896551724,66.42688808202298,3.5343071026382997,30.038804815338757,67887811.52881813,459396.0329395181,-124467762.38424708,234308137.34196597,-359902.01772267,94.68676746754878,45363125.89107121,0.9984510380774662,92800127.10011522,0.0,0.0,113980270.05362059,-93116.55169264972,94.80441997957881,21250243.01911733,0.9991837136209972,4061043.5402430613,0.0,-125252896.85826823,233834231.7234261,-474902.3919127347,-0.006053908122263149,104857313.50034606,0.9979731853809249,0.9983637480835164,0.0,0.000963833000000136,1.874999999884608e-05,0.00010962500000033515,0.0002884590000000742,0.0014932499999993354,0.00028299999999958914,0.0006540000000008206,0.0038109169999991366,0.0,-0.007264221693816131,-0.005112816378983753,-0.013961262227684346,-0.009055765076599647
7,7.0,117.55,3982.6594449538898,0.003741556391739274,0.37078151225511474,2564131.966828703,0.0,49999999.999999985,349821.23019445676,0.0,64.0,7.0,29.0,94.53520704750584,94.53520704750598,5.586206896551724,66.40773816379999,3.5337122384530586,30.058549597746925,68490074.80509993,642523.2126462249,-124467762.38424708,234424108.40300506,115971.06103910832,94.38159622530398,44690689.04421936,1.0005071642084287,93105069.52705464,0.0,0.0,114050370.11923255,70100.0656119734,94.53520704750598,20933403.95293699,1.000615019297454,2268201.665114511,0.0,-125252302.76985265,234171253.8988572,337022.1754313245,-0.005570424202186123,106574010.87191862,1.0014412800570367,1.0007856076607566,0.0,0.0009683329999994328,1.8667000000860412e-05,0.00010866600000092319,0.00028808300000093823,0.0013089580000009704,0.00028020800000128077,0.0006592919999999225,0.0036322070000043283,0.0,-0.005713379653322304,-0.0034475973119948433,-0.010140547175303216,-0.006838653470803846
8,8.0,117.78,-4384.417290982987,0.0037264619123868496,-0.6466900518309509,2220318.3069617543,0.0,50000000.00000003,277591.17146487604,0.0,64.0,7.0,29.0,94.75974614491618,94.75974614491626,5.586206896551724,66.39441011123812,3.535821131908811,30.06976875685306,68583388.29632463,510854.5027364547,-124467762.38424708,234212834.95565668,-211273.44734849175,94.60667504241067,44681549.812968135,0.9990846488179931,93086175.65653522,0.0,0.0,114038473.47999164,-11896.639240950346,94.75974614491626,20997614.489124004,0.9998956896042641,2370813.0438597663,0.0,-125252302.76985265,234094515.30688572,-76738.59197161424,-0.0007301664264887863,106683393.03355777,0.9996722985415484,0.9993118400928631,0.0,0.0009647080000014796,1.862500000093803e-05,0.00012245899999996368,0.00029112500000039176,0.0013094169999998684,0.0002799580000001356,0.000653624999999991,0.003639917000002768,0.0,-0.007090667885639723,-0.004064940952291929,-0.011570127742769332,-0.008177910358872964
9,9.0,117.65,-6238.164232886353,0.003760006100320263,1.4226943701574208,2315466.0553575736,0.0,50000000.00000001,229094.93770442778,0.0,64.0,7.0,29.0,94.37745896763796,94.37745896763803,5.586206896551724,66.39601265731513,3.534046094056256,30.069941248628602,69314644.57978532,421140.92845196766,-124467762.38424708,234429249.12749305,216414.17183646606,94.29506340217706,43857144.443668365,1.000961182436704,93524226.1208495,0.0,0.0,114083790.14565921,45316.66566759348,94.37745896763803,20540755.42257156,1.0003973805004989,924874.812827588,0.0,-125190163.4422112,234306508.8472702,211993.54038448478,-0.0018510726774442134,108077209.13251114,1.0009055868769425,1.000905593588839,0.0,0.0009680420000002243,1.858299999923929e-05,0.00011070899999943151,0.00028820800000062263,0.001301083000001313,0.00028029199999934917,0.0006539580000008982,0.003620875000001078,0.0,-0.005388148141939664,-0.002883001082896297,-0.00886021189192987,-0.006219686335303788
10,10.0,118.3,2452.4038741603217,0.0037634984435378945,0.14117627808916636,2100707.1483841836,0.0,49999999.99999999,232352.0408778778,0.0,64.0,7.0,29.0,95.22700883416564,95.22700883416564,5.586206896551724,66.41071289076964,3.5335209136244816,30.055766195605898,68928600.28577273,429488.22556020226,-124467762.38424708,234477338.95151973,48089.824026641436,95.03359153360313,44513067.14985101,1.0002474767756784,93099693.25193538,0.0,0.0,114064981.54342104,-18808.60223814845,95.22700883416564,21083138.108666714,0.9998351334382025,1874378.029751746,0.0,-125190163.4422112,234192247.38754994,-114261.45972030636,0.005079632998290231,107728318.98910776,0.9995123435558273,1.0000054241082983,0.0,0.0009606670000010809,1.8667000000860412e-05,0.000108916000000292,0.0002988329999986661,0.001488957999999485,0.00028100000000108594,0.0006693329999993836,0.003826374000000854,0.0,-0.004412593115796004,-0.002270476732099458,-0.007491547363338014,-0.005155541700724429
11,11.0,118.84,211.34447064033884,0.00377287146818737,0.38908771571021294,1848032.3170451252,0.0,50000000.00000001,307279.09331448405,0.0,64.0,7.0,29.0,95.31545693493051,95.31545693493042,5.586206896551724,66.37812526740022,3.5321138937177787,30.08976083888193,69455924.80268818,570578.8663983326,-124467762.38424708,234697874.89744505,220535.94592540292,95.32235383355675,44904419.02330455,1.0009422835495074,93754960.51392135,0.0,0.0,114182831.36060213,117849.81718105078,95.31545693493042,20528480.321684033,1.0010331813987643,392335.06882896076,0.0,-125052428.33274908,234792860.4610707,600613.0735207734,0.008588796399118179,109843343.5456116,1.0025646106785908,1.0014191212663897,0.0,0.0010980419999988555,2.1290999999479254e-05,0.00011666699999857144,0.0003065830000004155,0.0015848329999990085,0.0003046250000000583,0.0006850830000004748,0.004117123999996863,0.0,-0.00350865667089173,-0.0012940639643216345,-0.004997184884779626,-0.0037853083634593132
12,12.0,119.13,3884.9461985483103,0.003763556858933818,-0.3981841593508461,2024248.4099705603,0.0,49999999.99999998,293480.76076518616,0.0,64.0,7.0,29.0,95.55284088519123,95.55284088519115,5.586206896551724,66.33885903818978,3.532359825439013,30.12878113637121,69881827.08513902,546286.9223430722,-124467762.38424708,234749369.60764596,51494.71020085504,95.43815270517412,43812305.52547923,1.000202819000044,93783339.99652924,0.0,0.0,114283440.83560537,100609.4750032574,95.55284088519115,20554566.33022779,1.0008811261185626,101896.03785206775,0.0,-124463213.17107883,235288106.9471897,495246.48611900315,0.010769485084856372,110994554.04102099,1.002109288103124,1.0008031765382335,0.0,0.001120583000000508,1.9584000000349988e-05,0.0001109170000006543,0.00031487499999904855,0.0013789160000001743,0.0002938750000005541,0.000653083000001331,0.0038918330000026202,0.0,-0.004544843136174426,-0.0017163130761188583,-0.005856110551357152,-0.004727113582373527
13,13.0,119.03,-5257.085199575471,0.0037806710609909117,0.7156008435061763,2084342.6975970224,0.0,49999999.99999999,356066.9540064256,0.0,64.0,7.0,29.0,95.31693638024906,95.3169363802492,5.586206896551724,66.32685601350164,3.531478732414695,30.14166525408365,70103422.21228626,662228.8989903881,-124467762.38424708,234877338.97718,127969.3695340436,95.27017986510315,45045498.96846347,1.000559573460572,94020120.24305762,0.0,0.0,114337906.32675706,54465.49115167558,95.3169363802492,20304907.90253362,1.000476582528085,201897.15976448264,0.0,-123574724.65249828,235559663.24995175,271556.302762122,0.00797687314080559,111693426.00161275,1.0011541414575675,1.0007261888144265,0.0,0.0009704579999993967,1.8791000000462077e-05,0.00010420799999977248,0.00028858299999967585,0.00132370899999934,0.0002922500000011041,0.0006653750000005232,0.0036633740000002746,0.0,-0.003233411216027049,-0.00048247125176204,-0.0028390330751922876,-0.0029264757576864175
14,14.0,119.29,4131.535956222324,0.003768174318465026,-0.530988945584559,2157573.5746026193,0.0,49999999.99999999,166637.31722862937,0.0,64.0,7.0,29.0,95.75037564257948,95.75037564257957,5.586206896551724,66.32084881260484,3.5329557462132852,30.146195441181906,70032874.78444198,310596.33706567495,-124467762.38424708,234731439.13771316,-145899.83946687402,95.63364302058243,43717123.889065474,0.9993871819484654,93697591.2350017,0.0,0.0,114325028.14559126,-12878.181165784597,95.75037564257957,20676160.50434454,0.9998873673519173,1272736.6538427912,0.0,-123526991.21111903,235470047.81387556,-89615.43607628654,0.009587641217188485,110917848.57578841,0.9996195638108338,0.9994895856667938,0.0,0.000968000000000302,1.8791000000462077e-05,0.0001084579999997004,0.00028962499999884983,0.0013066659999996233,0.0002838750000009327,0.0006622919999994537,0.003637706999999324,0.0,-0.00324461267673104,3.5728979812521544e-06,-0.0016227021262477104,-0.002546885626861014
15,15.0,118.86,-2356.2174047811495,0.0037459925537349672,-0.9407382779375887,1945748.9064505822,0.0,50000000.00000004,251935.90945295006,0.0,64.0,7.0,29.0,95.43387950423309,95.43387950423302,5.586206896551724,66.34099426592154,3.528869059114363,30.130136674964163,70318440.20139182,467892.22183715075,-124467762.38424708,235174844.47762248,443405.3399093044,95.10091753081338,44752200.2069359,1.0019561873321157,93569440.95020697,0.0,0.0,114373751.73934625,48723.59375499189,95.43387950423302,20734146.59888051,1.0004261848393592,596125.5098146917,0.0,-123270736.01870467,235717576.4407502,247528.6268747418,0.003304698099133229,111454429.79321146,1.001051212675639,1.0015866445072446,0.0,0.000966375000000852,1.8708999999006437e-05,0.00011745800000007023,0.0002919580000000366,0.0014996669999991497,0.0002849579999999463,0.0006939159999994615,0.0038730409999985227,0.0,-0.0020564419307742554,-0.0002952651575880427,-0.002302241981400055,-0.0020044415713327025
16,16.0,118.31,-4671.099403911205,0.003738365157436796,-0.3294967620199831,2030740.5624207288,0.0,49999999.99999999,289719.72003940045,0.0,64.0,7.0,29.0,94.87209767474968,94.87209767474961,5.586206896551724,66.34757324691877,3.5315567711648077,30.120869981916417,69644916.31516027,535574.0637165854,-124467762.38424708,234874991.8013376,-299852.6762848967,94.81176451851739,46089823.56796166,0.9987283722240079,93692010.97537504,0.0,0.0,114303587.5490875,-70164.19025878608,94.87209767474961,20519999.76595326,0.9993865359036338,1917093.887878533,0.0,-123270736.01870467,235321291.3217309,-396285.11901946313,-0.00237803092681809,109621268.90835774,0.9983188110762515,0.9986556709487323,0.0,0.0010328330000000108,1.9083000001529626e-05,0.00010479200000013122,0.0002932920000002781,0.0015075420000005835,0.0002837919999993943,0.00066662500000092,0.0039079590000028475,0.0,-0.004373999867511524,-0.0019898906672449757,-0.006546753260796567,-0.004837210707545528
17,17.0,118.14,4976.316801112545,0.003747311439267196,0.3736246120468513,2163201.716174469,0.0,49999999.999999985,219995.17233599044,0.0,64.0,7.0,29.0,94.67892401617338,94.67892401617344,5.586206896551724,66.3692947056167,3.5336308684663154,30.09707442591703,69045469.27116126,406097.33843396744,-124467762.38424708,234625853.75090685,-249138.05043072952,94.89942405401095,45896853.7439835,0.9989529754820078,93779616.22649954,0.0,0.0,114212010.74132827,-91576.80775916576,94.67892401617344,20407277.807955768,0.9991988282282056,3518140.7073316155,0.0,-123270736.01870467,234809098.81494096,-512192.50678989186,-0.004412867529510748,107866267.85700142,0.9978234282820382,0.9986426164862504,0.0,0.0009697500000012127,1.8667000000860412e-05,0.00010400000000032605,0.0002880839999992446,0.0013115419999998323,0.00028783299999979306,0.0006688750000005683,0.0036487510000018375,0.0,-0.004925785683405293,-0.0022890827599998387,-0.007399169199342914,-0.005458497698388821
18,18.0,118.34,-4517.954093566321,0.003738940892065904,-0.36086465045488364,2056498.459342029,0.0,50000000.0,160884.4991814823,0.0,64.0,7.0,29.0,94.90550015359621,94.90550015359614,5.586206896551724,66.39007103902466,3.532825829306395,30.07710313166897,68822648.0215847,297485.49426775967,-124451159.84920557,234701158.02245957,75304.27155276388,95.1802272989719,43968226.67540319,1.0003397247273567,93711601.07809149,0.0,0.0,114186894.0344553,-25116.706872999668,94.90550015359614,20514207.25956707,0.9997800869916399,4316169.245640538,0.0,-123270736.01870467,234655144.58303767,-153954.23190321593,-0.0023600058911478626,107254406.67643353,0.9993443406250065,1.0000118886961749,0.0,0.0009846660000008,1.8624999999161673e-05,0.00010345899999997243,0.00029154199999936736,0.0013063750000004148,0.0002815839999996683,0.0006550829999998342,0.003641333999999219,0.0,-0.004158217608849379,-0.002074000705528656,-0.006825580399036024,-0.004785857634771056
19,19.0,118.25,-2736.361092797357,0.0037499198970302517,0.45986991135410327,2255064.0608430244,0.0,50000000.000000015,154227.9547890928,0.0,64.0,7.0,29.0,94.69350523895598,94.69350523895591,5.586206896551724,66.3907684785768,3.531322820993882,30.07790870042933,69140145.1422146,284960.24459078466,-124451159.84920557,234883538.42651635,182380.40405677166,94.98657616612343,44332934.236425295,1.000797027262098,93928247.37423895,0.0,0.0,114225808.33765854,38914.30320325494,94.69350523895591,20286329.94149204,1.0003407948305478,3604395.379392649,0.0,-123270736.01870467,234841311.9407787,186167.35774102499,-0.003942685996532767,107888175.58199474,1.0007933684819423,1.0007640299456444,0.0,0.0009634169999994668,1.8750000000622435e-05,0.00010812500000056957,0.00029045900000035374,0.0013157919999997603,0.0002807080000000184,0.000645875000000018,0.003623126000000809,0.0,-0.0025516699031805645,-0.0010200169762171196,-0.00412770060663592,-0.0029015031022951764
20,20.0,118.62,5053.527203462261,0.003789403037921318,1.6651686086413025,1920866.3394840616,0.0,50000000.00000001,197226.20963263334,0.0,64.0,7.0,29.0,94.97156271408647,94.9715627140864,5.586206896551724,66.39620126962116,3.531491098342499,30.07230763203635,68691694.72168681,365546.45291598386,-124451159.84920557,234868470.59347823,-15067.833038087934,95.43934462174474,44216440.20370129,0.9999425790068803,94029249.27318498,0.0,0.0,114214577.31573096,-11231.021927580237,94.9715627140864,20253181.38826287,0.9999016770194843,4405485.019212998,0.0,-123270736.01870467,234763306.98009205,-78004.9606866559,-0.00015527112684158027,107428270.71872427,0.9996678392638798,0.9998600413422924,0.0,0.000968083000000064,1.8708000000700054e-05,0.00011399999999994748,0.0002913749999997606,0.0015036249999997864,0.00028341699999856473,0.0006651670000010768,0.0038443749999999,0.0,-0.001608634352585736,-0.00015927058335996058,-0.001924324951877332,-0.0015987291625344947
21,21.0,119.89,7897.432974807438,0.0037831522899360462,-0.2681235987778399,1925154.798752404,0.0,50000000.0,157736.09980908956,0.0,64.0,7.0,29.0,95.9715242317324,95.97152423173233,5.586206896551724,66.37080540721975,3.5314461802907107,30.097748412489565,68749552.57629806,295484.07822049607,-124451159.84920557,234921102.68712935,52632.093651108444,96.60782943283127,45373111.381810166,1.0002285242830997,94266468.02149107,0.0,0.0,114282430.66144785,67853.34571686387,95.97152423173233,20237181.614955787,1.0005940865633052,4388773.288162951,0.0,-123270736.01870467,235104491.75664198,341184.7765499045,0.010956909080311982,108598759.5445797,1.001453315826312,1.0006093031902457,0.0,0.000967417000000026,1.8708000000700054e-05,0.00010416699999993284,0.0002869170000003862,0.0015038750000009315,0.00028008299999982,0.0006644169999994176,0.0038255840000012142,0.0,-0.0007402122290908197,0.0009788580979288586,0.0009796195556277532,-0.00012112608863105611
22,22.0,120.26,-5872.137210748726,0.003811465721716504,1.1817933550327462,2770571.0006971927,0.0,50000000.000000015,267724.93120303174,0.0,64.0,7.0,29.0,95.8132159689976,95.8132159689976,5.586206896551724,66.31793514188541,3.527633783651863,30.154431074462686,69884735.38853343,503071.8785386969,-124451159.84920557,235442520.26773036,521417.5806009839,96.49447959850862,45056603.07493585,1.0022446135932632,95048980.52276222,0.0,0.0,114503649.63644685,221218.97499902546,95.8132159689976,19521514.657681476,1.001935721647839,1359433.8803651961,0.0,-123161510.94408904,236258268.85144722,1153777.09480537,0.012859347676727967,112076083.31729285,1.0049075106601697,1.0029952313064865,0.0,0.0009622919999987545,1.862500000093803e-05,0.00010429199999961725,0.00029170899999897415,0.0014907500000003182,0.00028254199999899754,0.0006639590000006024,0.003814168999998202,0.0,0.00183141573072243,0.0027543622870309648,0.005569945914483121,0.0029801957429546277
23,23.0,121.17,7338.637024837139,0.003772975391294245,-1.609365575324704,2323599.916032411,0.0,50000000.00000002,287370.1672215617,0.0,64.0,7.0,29.0,96.53029018280093,96.530290182801,5.586206896551724,66.28096552538597,3.52882173986951,30.19021273474455,69740741.3023033,544072.5494099475,-124451159.84920557,235369379.318907,-73140.94882340962,97.33534373758354,45554014.95940927,0.9996736703394745,95206186.06704773,0.0,0.0,114570495.18044373,66845.54399685562,96.530290182801,19516412.759039287,1.0005837852698065,1562373.2082017285,0.0,-123161510.94408904,236597028.14174712,338759.29029977525,0.01888806944303233,112724788.66357976,1.0014338491103099,1.00024783022814,0.0,0.0009876660000003312,1.8624999999161673e-05,0.00010429199999961725,0.0002857909999995911,0.0015006250000002552,0.00028341600000025835,0.0006625000000006764,0.0038429149999998913,0.0,0.0013974341686253666,0.0035210778013901045,0.007529427328611948,0.003324367239315007
24,24.0,120.62,2789.6630932277403,0.0037917595363459533,0.7840604166295465,2260165.6354684085,0.0,49999999.999999985,435888.3893717018,0.0,64.0,7.0,29.0,95.55547287204239,95.55547287204232,5.586206896551724,66.2319006655285,3.526791905571357,30.241307428900168,70502652.08012053,821513.3988439791,-124451159.84920557,235642936.14280447,273556.823897569,96.51937940072622,45295581.197255194,1.0011194995888248,95997344.2400236,0.0,0.0,114722598.82608701,152103.64564330876,95.55547287204232,18641063.315984398,1.001327598745242,274580.1078433069,0.0,-121978259.27808073,237448672.8158707,851644.6741234835,0.011919086201821139,114687782.92666626,1.0035995516709915,1.0018532816336023,0.0,0.0009726670000009818,1.8666999999084055e-05,0.00010416699999993284,0.000289792000000233,0.0014920829999987006,0.0002960830000002801,0.0006529999999997926,0.003826458999999005,0.0,0.004239675684841071,0.006068279844053448,0.014273534530735876,0.007277497041295431
25,25.0,120.66,-6545.454939379473,0.003780189695737331,-0.4906489744228386,2395793.1356605357,0.0,50000000.00000001,382206.1538694474,0.0,64.0,7.0,29.0,96.03120559668582,96.03120559668575,5.586206896551724,66.23266838711066,3.5311604901605733,30.236171122728752,69740930.52020028,720578.0394669927,-124451159.84920557,235181418.99049485,-461517.1523096869,96.8503528448271,45372999.052428775,0.9980514669157999,95276130.1473757,0.0,0.0,114638407.556008,-84191.27007903159,96.03120559668575,19372846.71921685,0.9992661317740312,2366083.1160100647,0.0,-121978259.27808073,236940622.31259027,-508050.5032802779,0.011103270086064754,112637935.28958866,0.9978603746103644,0.9980810766872997,0.0,0.0009683329999994328,1.883300000038446e-05,0.00010354199999973446,0.000290458000000271,0.0013060830000011237,0.00028029099999926643,0.0006504169999992371,0.00361795699999945,0.0,0.002210079381305796,0.004953135586740265,0.011230820292884358,0.005018108180043992
26,26.0,120.47,-9370.410211959068,0.0037592501211507505,-0.8856035892482303,1913587.3356350053,0.0,50000000.00000002,435659.3159745614,0.0,64.0,7.0,29.0,95.73818444606763,95.73818444606762,5.586206896551724,66.24018162495776,3.5301105489587625,30.229707826083537,69613923.44863662,820060.5905539908,-124451159.84920557,235299745.83139682,118326.84090196062,96.68833866218252,44687527.93752647,1.000551728312244,95484131.98879172,0.0,0.0,114648976.86659254,10569.310584560037,95.73818444606762,19138725.08637556,1.0000921969417573,2418333.743876869,0.0,-121950141.73893161,236982277.6836795,41655.37108915428,0.005785963385050357,112440038.82549095,1.0001758055522794,1.00041054351592,0.0,0.0009640839999995876,1.874999999884608e-05,0.00010341599999996731,0.0002873750000009778,0.001304333000000213,0.00028166699999943035,0.0006537090000016121,0.003613334000000634,0.0,0.00426525248360754,0.005866864613124578,0.01346270663570448,0.007044627036781845
27,27.0,119.92,-7230.572001217821,0.0037618202256950403,0.10226176560785205,2318122.7834218694,0.0,49999999.999999985,400323.4545180662,0.0,64.0,7.0,29.0,95.20786268569343,95.20786268569329,5.586206896551724,66.2401748529292,3.531709936258579,30.228115210812227,69240920.86567469,750106.0729032266,-124451159.84920557,235139580.14871934,-160165.68267732253,96.32000226346952,44889682.90472258,0.9992871060197589,95564408.01635668,0.0,0.0,114622857.07516728,-26119.791425272822,95.20786268569329,18975459.441847533,0.9997721759745344,3410793.9921807535,0.0,-121929458.75608997,236808514.30829948,-173763.37538004023,-0.0002762288501532687,110958537.87205237,0.9992667629610079,0.9993151614295555,0.0,0.0009638750000000584,1.8708000000700054e-05,0.00010400000000032605,0.0002889580000005054,0.0014807499999989204,0.0002810840000009307,0.0006517079999994735,0.0037890830000009146,0.0,0.003026296003282969,0.005019597528146624,0.011262085125407273,0.005554205955439473
28,28.0,119.71,-8661.446326457313,0.003769108418056797,0.3012862386925943,2305294.8521268778,0.0,50000000.000000015,328819.35364448215,0.0,64.0,7.0,29.0,95.27295390140256,95.27295390140249,5.586206896551724,66.27420494362171,3.532671565572327,30.193123490806006,68678256.7550413,615046.3253872024,-124451159.84920557,235026052.3651546,-113527.78356484137,96.32976194467416,43951896.945499904,0.9995662700906456,95158473.87511706,0.0,0.0,114539867.45820418,-82989.61696308851,95.27295390140249,19352549.65349775,0.9992759767198206,5062195.443141446,0.0,-121929458.75608997,236298790.6203231,-509723.68797632743,-0.0037596887950512936,109116465.745838,0.9978475145549871,0.999047510449347,0.0,0.0009660420000017211,1.862500000093803e-05,0.00010362500000127284,0.000288250000000545,0.0013020000000008025,0.00028149999999982356,0.0006499580000003391,0.003610000000005442,0.0,0.003497664687292179,0.004396708960687334,0.009416153332272303,0.005276959493474076
29,29.0,119.97,-9393.994659877746,0.003788464033406669,0.8089401141098578,2221443.10826826,0.0,50000000.0,354377.4246162109,0.0,64.0,7.0,29.0,95.45753678236086,95.45753678236085,5.586206896551724,66.29728742488766,3.532009378468791,30.1707031966436,68051551.02083127,664291.5567376066,-124451159.84920557,235092770.44481286,66718.0796582629,96.72607062278193,45429818.111054145,1.0002985415361434,95246620.4865141,0.0,0.0,114511023.52861479,-28843.929589375854,95.45753678236085,19310824.403031763,0.9997481756332578,6328972.978528701,0.0,-121929458.75608997,236108119.9450694,-190670.67525369237,-0.0014903314971262845,108090344.27709252,0.9991930892203166,0.9999394347513515,0.0,0.0009675839999996327,1.858299999923929e-05,0.0001035829999995741,0.00030008299999906285,0.0013009170000000125,0.0002799580000001356,0.00066500000000147,0.003635707999999127,0.0,0.0029111754339794516,0.0037449087412868565,0.007689094878803537,0.004355133404489955
30,30.0,120.71,-5950.571674998006,0.003803497466639632,0.6236660839621638,2032732.70255221,0.0,49999999.99999998,319384.6516147478,0.0,64.0,7.0,29.0,95.94774273009998,95.94774273010012,5.586206896551724,66.28032486132432,3.5318469292728203,30.187828209402827,68112985.58016059,602389.3952565033,-124451159.84920557,235138714.70039782,45944.25558498083,97.41252878165938,45645535.20311299,1.0001792091757797,95526356.18305244,0.0,0.0,114557444.88954589,46421.36093105376,95.94774273010012,19154596.005472194,1.0004053877041754,6276163.378794302,0.0,-121929458.75608997,236348776.01171118,240656.06664171815,0.0035409082361662738,108813555.23683509,1.0010192690428865,1.0004386590342285,0.0,0.0009675409999996276,1.8666999999084055e-05,0.00010458300000060206,0.00028700000000014825,0.0014912909999988955,0.0002813340000002995,0.0006652500000008388,0.0038156659999994957,0.0,0.0028412854786010744,0.004317392940947018,0.009208346437954207,0.004791060679177699
31,31.0,121.13,8890.736467574912,0.0038136815292595756,0.4187799753437279,2231625.046916907,0.0,50000000.0,384086.7788915803,0.0,64.0,7.0,29.0,96.32848383558962,96.32848383558964,5.586206896551724,66.252363137815,3.5292259822842773,30.218410879900713,68572053.86398783,726944.2426115174,-124451159.84920557,235467656.7745769,328942.0741790389,97.63436427195938,46080186.285246275,1.0014357167960501,95500293.71521114,0.0,0.0,114680952.18852462,123507.29897876084,96.32848383558964,19251700.8768995,1.0010781254688235,5008162.826511433,0.0,-121929458.75608997,237019177.3717193,670401.3600081987,0.006206989429452839,110463839.59565736,1.002836503184475,1.0018169134557875,0.0,0.0009714589999987311,1.8709000000782794e-05,0.00011395900000010784,0.00029262500000015734,0.001508583000001451,0.00027633300000040606,0.000654042000000743,0.003835710000002379,0.0,0.003347467630468337,0.00436248446449361,0.009482037081946837,0.005197543949778871
32,32.0,121.26,-6500.496482083938,0.003812094037913521,-0.072347813809711,1631165.958597322,0.0,50000000.00000001,438236.69244156335,0.0,64.0,7.0,29.0,96.58640836954048,96.58640836954035,5.586206896551724,66.22137589226887,3.529329085138576,30.24929502259259,68854601.61714251,830321.5832103746,-124451159.84920557,235496444.1130005,28787.338423558977,97.62522832767421,46608565.426547304,1.0001243592160696,95255648.86611639,0.0,0.0,114751994.59211062,71042.4035859853,96.58640836954035,19521400.686298788,1.000619478668691,4229209.55460074,0.0,-121929458.75608997,237401461.17825872,382283.8065394379,0.006810519927514748,111365014.35707177,1.0016128817834347,1.0005906891222889,0.0,0.0009669159999994292,1.8624999999161673e-05,0.00010433299999945689,0.00028724999999951706,0.0013108329999997892,0.00028012500000151874,0.0006447499999993056,0.0036128319999981784,0.0,0.0033098240333517825,0.004099926927990216,0.008981980316012272,0.005010056557948015
33,33.0,121.26,-1332.9753653727093,0.003791168888995008,-0.8776434971612427,1843553.687964394,0.0,49999999.999999985,538830.4176912429,0.0,64.0,7.0,29.0,96.54620310167596,96.54620310167604,5.586206896551724,66.20544913007471,3.5300561116006057,30.264494758324734,68758221.04566294,1020915.2570193767,-124451159.84920557,235442711.13573623,-53732.97726427624,97.63419104425786,48356718.38489279,0.9997096213434797,95322640.9914187,0.0,0.0,114777049.55241515,25054.960304543376,96.54620310167604,19458799.406590242,1.0002183400854479,4018767.1648669504,0.0,-121929458.75608997,237523682.66776252,122221.48950372687,0.006684124907223228,111579104.57462831,1.0005148301702973,0.9999787422151946,0.0,0.000975249999999761,1.8667000000860412e-05,0.00010445900000100039,0.00028783299999979306,0.0011207500000001147,0.0002833330000004963,0.0006687080000009615,0.0034590000000029875,0.0,0.002509078086871064,0.0038407492297709567,0.008337671754482079,0.004292587230481251
34,34.0,120.8,-5266.344960516246,0.003784732277139532,-0.2757841852580308,1685667.4620168153,0.0,50000000.00000001,442120.31747943914,0.0,64.0,7.0,29.0,96.01624668996982,96.01624668996975,5.586206896551724,66.18731562946152,3.532022695709809,30.280661674828714,69104146.7450856,834502.0992424414,-124451159.84920557,235256167.9493944,-186543.18634174578,97.17244755721701,46173628.97475746,0.9992196377655336,95525426.99886215,0.0,0.0,114781440.39800893,4390.845593765378,96.01624668996975,19186588.057032496,1.0000382554318212,3631410.5866945935,0.0,-121929458.75608997,237527330.4955852,3647.827822709906,0.0018729166053545981,111546824.42902066,1.0000153578152584,0.9995076998165939,0.0,0.0009693750000003831,1.866600000077767e-05,0.00010433299999945689,0.0002889170000006658,0.001495166999999853,0.00028287499999990473,0.0006517499999993959,0.003811083000000437,0.0,0.002344463883809711,0.003992233895069974,0.008736917235809605,0.004313619256677899
35,35.0,120.46,1712.4475292494317,0.003797822707219064,0.5427907658024275,2227135.5968577163,0.0,49999999.999999985,504171.1934412927,0.0,64.0,7.0,29.0,95.85323118476306,95.8532311847632,5.586206896551724,66.22710048908945,3.531543538387958,30.24135597252263,68489555.4537395,948944.718155283,-124451159.84920557,235287118.70615336,30950.75675896462,97.0651959841948,48356489.58344542,1.000236539359372,95308985.89157905,0.0,0.0,114712015.05589463,-69425.34211428463,95.8532311847632,19353419.274536166,0.9993951518479508,4801090.254351764,0.0,-121929458.75608997,237107693.77180526,-419636.72377999895,-0.0017159066592418821,110066848.99254467,0.9982333111281827,0.9995967060465276,0.0,0.0009617080000001721,1.8583000001015648e-05,0.00010391700000056403,0.00028695800000022587,0.0013084590000005392,0.00028966600000046583,0.0006502499999996303,0.003619541000002613,0.0,0.0005075687389461958,0.002957525755728385,0.005897385081228723,0.002242112469382882
36,36.0,120.77,4025.4790848894627,0.003799037027963777,0.04448911376804253,2098297.3311249358,0.0,50000000.00000001,470386.4638581775,0.0,64.0,7.0,29.0,96.18476322688427,96.18476322688419,5.586206896551724,66.23266805805511,3.533735032800735,30.233596909144232,67934615.30332969,887633.9568773765,-124451159.84920557,235059269.12004608,-227849.58610736998,97.5497837437492,48259167.462838896,0.9990469325185586,95229716.13168885,0.0,0.0,114662405.16611525,-49609.88977941871,96.18476322688419,19486886.224485606,0.9995675266470104,6193877.841567822,0.0,-121929458.75608997,236797398.00298634,-310295.76881882135,0.0007112262611616705,108960988.16634823,0.9986913270182909,0.9989802485124726,0.0,0.0009636250000006896,1.8583000001015648e-05,0.0001040410000001657,0.0002888750000007434,0.00131312499999936,0.0002821669999999443,0.0006446250000013976,0.003615041000003316,0.0,0.0008366102744927773,0.0031391632119479596,0.006272728532218386,0.0025742632748550665
37,37.0,120.73,1757.3345066270485,0.0038131078910701986,0.581691351551291,1819655.3159571695,0.0,50000000.00000001,565114.186592021,0.0,64.0,7.0,29.0,96.21551746748895,96.21551746748888,5.586206896551724,66.22383679191893,3.532323019576989,30.243840188504095,68144527.20656326,1066034.9335508547,-124451159.84920557,235233011.70885572,173742.5888097356,97.40071260935395,48016352.01972235,1.000751846802568,95113750.72390985,0.0,0.0,114716602.35617447,54197.19005924463,96.21551746748888,19600790.665673357,1.0004726674796396,5378584.8024470685,0.0,-121929458.75608997,237084324.764006,286926.7610195793,-0.00023688140126291283,109743871.86012577,1.0012117010185353,1.0008656619725935,0.0,0.0009685420000007383,1.862500000093803e-05,0.00010416699999993284,0.00029520799999893654,0.001316541999999643,0.00028062500000025636,0.0006524999999992787,0.003636208999999724,0.0,0.0026048247395376034,0.004418025841336215,0.009689685976614237,0.00478635857541573
38,38.0,121.14,8610.805019787418,0.0037930072022967854,-0.8430883676172455,1734929.3556717206,0.0,50000000.000000015,475510.4253573707,0.0,64.0,7.0,29.0,96.57188024180057,96.57188024180071,5.586206896551724,66.20868007047744,3.534283874968636,30.257036054553915,68025728.59138103,900052.0769967483,-124447592.9733021,235044471.14009148,-188540.56876423815,97.87921935210058,48314898.063325815,0.9991996735979867,95135552.32357574,0.0,0.0,114714541.38958322,-2060.9665912538767,96.57188024180071,19649943.804784317,0.9999820342779603,6023309.563261217,0.0,-121929458.75608997,237051915.41866276,-32409.345343209545,0.0027226584072494206,109475504.78004843,0.999863300109017,0.9994468905337837,0.0,0.0009916249999992743,1.8750000000622435e-05,0.00010524999999894646,0.00029854199999945763,0.0015985000000000582,0.0003035420000010447,0.0006924159999996959,0.0040086249999991,0.0,0.0014733586559350087,0.004620909952841812,0.010214017157148092,0.004228478212070279
39,39.0,120.64,-7574.465795270466,0.0038003001516564105,0.2989565451400839,2084292.1130598907,0.0,49999999.99999999,447657.75365385547,0.0,64.0,7.0,29.0,96.06280434768549,96.06280434768563,5.586206896551724,66.20533692869098,3.5315708637785503,30.263092207530402,68721151.86005968,843834.8656375173,-124447592.9733021,235358645.8575755,314174.71748402994,97.22893507167768,48187504.06837561,1.0013767489157082,95230837.02669726,0.0,0.0,114785496.12836005,70954.73877683282,96.06280434768563,19477947.23155779,1.000618533081485,4603308.0564045245,0.0,-121929458.75608997,237428273.0993996,376357.680736847,-0.002172379420901515,110447312.72008573,1.0015876607178724,1.0013848382299402,0.0,0.0009941250000000679,1.8999999999991246e-05,0.00010858299999938481,0.0002956669999996109,0.0015241249999995432,0.00028170800000104634,0.0006582500000007485,0.003881458000000393,0.0,0.002024839211461904,0.0048998365504842045,0.011015787503667607,0.0048334640299331185
40,40.0,120.54,1889.0258488175314,0.003831648547231314,1.303208199092269,1906628.5191928484,0.0,50000000.000000045,465368.93097707804,0.0,64.0,7.0,29.0,96.2475077057564,96.24750770575649,5.586206896551724,66.23364954402797,3.5324720935435923,30.233878362428353,68093082.0358726,876493.2959371402,-124447592.9733021,235241905.7786214,-116740.07895410061,97.35709797991649,48015723.31096378,0.9995403377739535,94791924.35084285,0.0,0.0,114708784.25825503,-76711.87010499835,96.24750770575649,19905108.53493179,0.9993316937009256,6036983.254494023,0.0,-121929458.75608997,236980079.53258017,-448193.5668193832,-0.002143903305933044,108925788.24688128,0.9981122967339506,0.9991116007872407,0.0,0.0009720830000006231,1.9250000001136414e-05,0.00010654200000104197,0.0002992500000011944,0.001359250000000145,0.00029104200000062974,0.0006905420000009599,0.0037379590000057306,0.0,0.0016065780154459475,0.0043270040842326996,0.009442584685467992,0.004069449774567413
41,41.0,121.49,-9360.149686643763,0.0038384993124703877,0.2775587451300254,2290993.31221503,0.0,49999999.999999985,276305.22687968763,0.0,64.0,7.0,29.0,97.0414462959343,97.0414462959343,5.586206896551724,66.2352784304219,3.5331504161271337,30.23157115345094,68037588.96854965,524505.0314627071,-124447592.9733021,235178430.9637986,-63474.81482283957,98.33943732035286,47631008.105317086,0.999748847544415,94895012.60279854,0.0,0.0,114697032.88577463,-11751.372480407357,97.0414462959343,19963292.694083955,0.9998975547290786,6925097.932445163,0.0,-121929458.75608997,236892230.25746515,-87849.27511498024,0.005427082664120822,108899854.99797644,0.9996292966575895,0.999724587290162,0.0,0.0009924580000006955,1.92909999991997e-05,0.00010608400000045037,0.0002959580000005957,0.001535584000000867,0.0002896669999987722,0.0006685000000015151,0.0039075420000020955,0.0,0.0011074014677150412,0.0036278736978829773,0.007604011591487714,0.003167851459720872
42,42.0,121.76,-8417.006609629003,0.0038264205816074728,-0.5057965547063518,2142806.1516648796,0.0,50000000.000000015,324912.6825428062,0.0,64.0,7.0,29.0,97.21495077027181,97.2149507702719,5.586206896551724,66.22495478990083,3.527187038629043,30.247858171470078,68927259.87262614,618146.3785376889,-124447592.9733021,235870512.50747833,692081.5436797608,98.28053546586872,46774952.04688389,1.0029974925852498,94985515.54564963,0.0,0.0,114858305.2968825,161272.41110783815,97.2149507702719,19921551.42070475,1.0014060730870733,4746923.426121973,0.0,-121929458.75608997,237754411.68651164,862181.4290463328,0.0070582260759131255,111323735.77639072,1.00363955134986,1.0030722902621143,0.0,0.0009853329999991445,1.9749999999874035e-05,0.00010825000000025398,0.00029691700000000765,0.0013584590000004226,0.0002839169999990787,0.0006678340000014771,0.0037204600000002586,0.0,0.001816238867381914,0.003097330622750194,0.006332644636284579,0.0032156729632394666
43,43.0,121.55,-8712.515857074446,0.0038129396481913855,-0.5655459778984395,2186478.106631024,0.0,49999999.99999998,339789.29970972356,0.0,64.0,7.0,29.0,96.90904131696252,96.90904131696266,5.586206896551724,66.20391867103487,3.5274611029151095,30.26862022605006,69219818.72219707,645334.2090580765,-124447592.9733021,235877365.38561177,6852.878133390099,98.01452034635794,48009953.2451776,1.0000101956983365,95175577.55622165,0.0,0.0,114907066.96635439,48761.669471904635,96.90904131696266,19701525.28150853,1.0004245376017507,4009107.0928714992,0.0,-121929458.75608997,238000117.95860267,245706.27209110814,0.004409728616344171,111873219.91151842,1.0010334448991918,1.0003359418998234,0.0,0.0009973329999990455,1.8750000000622435e-05,0.00010454200000076241,0.0002907919999994846,0.0013159579999992843,0.0002832920000006567,0.0006481669999995887,0.0036588339999994446,0.0,0.0022216172334810214,0.0029376829119973635,0.005930280739676608,0.003347254247773885
44,44.0,121.02,-8667.04253881023,0.00384042369937018,1.1379821960014207,1914464.312434674,0.0,50000000.0,477468.3593812024,0.0,64.0,7.0,29.0,96.56761927368545,96.56761927368532,5.586206896551724,66.21124224408629,3.5283737123769328,30.260384043536757,68851958.40832037,902862.8258173922,-124447592.9733021,235780942.09542757,-96423.29018422728,97.57695495757639,48221385.97295641,0.9996230650341287,94965504.29420598,0.0,0.0,114877102.83773018,-29964.12862418592,96.56761927368532,19830090.6675839,0.9997392316293919,4317059.17269979,0.0,-121929458.75608997,237811785.76047987,-188332.1981227696,5.1430698318531175e-05,111081158.12830034,0.9992086898815633,0.9995110279015532,0.0,0.0009649580000008484,1.8709000000782794e-05,0.00010412500000001046,0.00028841600000006906,0.0014929999999999666,0.0002829169999998271,0.0006682500000003699,0.0038203750000018744,0.0,0.0008053230772908648,0.0013467617821090183,0.001529223027658011,0.001053154772234608
45,45.0,121.36,-5870.398504689525,0.003857511623464835,0.7000662833185489,2252553.894877992,0.0,50000000.00000003,474142.3461480252,0.0,64.0,7.0,29.0,97.26368835298246,97.26368835298253,5.586206896551724,66.21221587553373,3.53247045801256,30.255313666453763,68157769.88484874,899092.4238831928,-124447592.9733021,235343860.43796957,-437081.6574579994,98.15693174011062,50015484.290239625,0.9981293311902275,94337202.74209987,0.0,0.0,114795594.96178986,-81507.87594033778,97.26368835298253,20518499.487145305,0.9992904776154089,6022802.867165851,0.0,-121929458.75608997,237327676.0570901,-484109.7033898162,0.0028938033875586743,109691217.18845133,0.9979643126138327,0.9981627560528358,0.0,0.0009659170000002604,1.862500000093803e-05,0.00010416699999993284,0.0002866249999993187,0.0013132499999990443,0.00028370799999954954,0.0006441250000008836,0.0036164169999999274,0.0,0.0008846990049078407,0.001371158315375931,0.001633541855339038,0.0011359155832656542
46,46.0,121.78,-3201.920342791447,0.003873827071051902,0.6651482719468924,1953040.304099597,0.0,50000000.000000015,687733.6110291486,0.0,64.0,7.0,29.0,97.69646209198801,97.69646209198808,5.586206896551724,66.19632033730498,3.5315814427414196,30.272098219953648,67999667.66116147,1308628.1117364017,-124447592.9733021,235469819.1882275,125958.75025792606,98.45541589623906,51286190.77643606,1.000578960442307,94243934.72610055,0.0,0.0,114855702.22924517,60107.26745529473,97.69646209198808,20687175.19581106,1.000523602560493,5504218.751265424,0.0,-121929458.75608997,237643478.81170705,315802.75461706007,0.004503491731521341,110593154.48539548,1.001330665331439,1.0007930798084284,0.0,0.0009590829999996942,1.8750000000622435e-05,0.00010395900000048641,0.0002874590000008226,0.001546749999999264,0.0002865829999993963,0.0006674170000007251,0.003870001000001011,0.0,0.0008993726588324424,0.0018031156343694121,0.002790084561466122,0.0015109411188837974
47,47.0,122.33,-4461.988494754027,0.0039044583205763753,1.2489659288143107,1977249.885912727,0.0,50000000.00000002,845455.5557668188,0.0,64.0,7.0,29.0,98.10967186613563,98.1096718661357,5.586206896551724,66.13801346515154,3.534646942259103,30.327339592589283,67733492.20973217,1616009.0333899208,-124447592.9733021,235212702.72122705,-257116.4670004123,98.95515035628716,50006971.26417964,0.9988252413254449,94373439.61219122,0.0,0.0,114931109.9219116,75407.6926664412,98.1096718661357,20655504.71951877,1.000656542872516,5395830.795350043,0.0,-121929458.75608997,238026831.99275088,383353.1810437225,0.007878782660342733,111204782.17386496,1.001613146673192,0.9997619249845866,0.0,0.0009761660000009442,1.8874999998530484e-05,0.00010583400000108156,0.0002913749999997606,0.0015096660000004647,0.0002877919999999534,0.000653707999999753,0.003843416000000488,0.0,0.0005715363117992922,0.0026892790374450914,0.005144740035611717,0.0020460073825001013
48,48.0,123.47,-3920.563823818942,0.0038857429315589847,-0.7671870844653524,2003601.3340232817,0.0,50000000.00000003,834493.6926665256,0.0,64.0,7.0,29.0,98.8854478067172,98.88544780671728,5.586206896551724,66.0831470448035,3.536377390760117,30.380475564436335,67744331.5290624,1609920.8786489987,-124447592.9733021,235102534.93180454,-110167.78942252416,100.00929456679674,51349323.46579085,0.9994699542285009,94776627.74278952,0.0,0.0,115028944.33170998,97834.40979838371,98.88544780671728,20449210.73646714,1.00085124393095,5301773.609086178,0.0,-121929458.75608997,238530071.72530487,503239.7325540709,0.016366514071006064,112338908.51703379,1.0021142162712764,1.0003334805000774,0.0,0.0009707080000005419,1.887500000030684e-05,0.00010437500000115563,0.00029020900000098493,0.001495915999999653,0.00028537500000069826,0.0006448750000007664,0.003810333000004107,0.0,0.0005016277533460567,0.004269927007591656,0.009442645464354804,0.0033583038373357853
49,49.0,123.46,7155.190307489953,0.0039084905723615095,0.9230459427723975,2368451.8653679923,0.0,49999999.99999999,861924.3226036303,0.0,64.0,7.0,29.0,98.4114564174103,98.41145641741022,5.586206896551724,66.03083922730828,3.533462604889445,30.435698167802283,68849301.36919975,1662705.8885725653,-124447592.9733021,235512661.6562826,410126.72447814,99.60850675192498,49208419.30981005,1.0017426966594136,95507318.72060941,0.0,0.0,115225838.47925666,196894.14754669368,98.41145641741022,19721277.68282631,1.0017116922066058,2584144.4526852816,0.0,-121929458.75608997,239570140.8822099,1040069.1569049379,0.014256807460739509,115051183.87688574,1.004360335710691,1.0024996416725875,0.0,0.0009719590000010214,1.874999999884608e-05,0.00010400000000032605,0.00028683300000054146,0.0011214999999999975,0.0002842499999999859,0.0006544580000014122,0.0034417500000021306,0.0,0.0020164497458976527,0.006242324351098283,0.014662900321745775,0.005979731635257652
50,50.0,123.8,-3921.180087044704,0.003904265072819838,-0.1778887816120491,1725078.4024667498,0.0,50000000.00000002,891829.3793861249,0.0,64.0,7.0,29.0,98.98756978900116,98.98756978900124,5.586206896551724,66.02625793898783,3.5340856977753443,30.43965636323687,68448396.98708265,1725132.4557500356,-124447592.9733021,235460436.90172905,-52224.75455362862,100.0651482656807,49793494.34420549,0.9997935990640326,95067814.61956932,0.0,0.0,115228596.40343572,2757.924179047346,98.98756978900124,20219502.787768185,1.000023934945629,3450995.525561178,0.0,-121929458.75608997,239564787.085661,-5353.796548888601,0.014296880880812516,114504923.4494452,0.9999776524755897,0.999863098065096,0.0,0.0009688749999998691,1.8667000000860412e-05,0.00010445800000091765,0.00028700000000014825,0.0013054169999993093,0.0002832500000007343,0.0006512079999989595,0.0036188750000007985,0.0,0.0016848380923086825,0.0058586459792024925,0.013607084851588791,0.005434456204582481
51,51.0,123.82,-7757.928243580958,0.003922904392591691,0.7515953313691809,1765999.5114373793,0.0,50000000.00000001,925416.9749014152,0.0,64.0,7.0,29.0,98.88055355779119,98.88055355779112,5.586206896551724,66.00368808942987,3.533811266637954,30.462500643932195,68431902.47336106,1790392.6536295814,-124447592.9733021,235518188.40494284,57751.50321383402,100.05366476726375,50714032.25143921,1.0001949567562594,95263982.78474782,0.0,0.0,115287317.40733753,58721.00390179455,98.88055355779112,20031015.871797327,1.0005096044361783,3309829.3388712327,0.0,-121929458.75608997,239885377.7310964,320590.6454353949,0.01153516252567447,114668352.1603144,1.0013382246312823,1.0005485297776104,0.0,0.000977291999999963,1.8666999999084055e-05,0.00010437499999937927,0.000288791999999205,0.001300000000000523,0.0002822500000014827,0.0006423749999999728,0.00361375099999961,0.0,0.0004654595047859367,0.0052874100471027585,0.012092711933966216,0.0041748992472103955
52,52.0,124.38,5314.189981996125,0.003958312957653247,1.42658223804521,1837476.6874812564,0.0,50000000.00000002,852241.7370558234,0.0,64.0,7.0,29.0,99.35261839524605,99.35261839524603,5.586206896551724,65.99649174561526,3.5344764025534214,30.469031851831303,68000525.08122246,1656278.5508594268,-124447592.9733021,235463881.01304305,-54307.391899867915,100.69729181512574,49658288.76455432,0.999727578425162,95318984.23911335,0.0,0.0,115294998.65654515,7681.2492076307535,99.35261839524603,20071029.648864422,1.0000666270096346,4558395.807746397,0.0,-121929458.75608997,239907640.2552755,22262.524179200675,0.014195922845192941,113942202.46099311,1.00009280529078,0.9998572276171044,0.0,0.0009628749999990305,1.8709000000782794e-05,0.00010387500000064165,0.00028933299999955864,0.0014839169999998347,0.0002865409999994739,0.000643291000001156,0.0037885410000004782,0.0,0.00012975559299155393,0.004731979312121437,0.010556730336804154,0.0034757339290362997
53,53.0,125.33,6099.712228014359,0.0040092359644880084,2.0359595475295054,1870062.9785268342,0.0,50000000.00000001,780233.6832460598,0.0,64.0,7.0,29.0,100.2493860195418,100.2493860195418,5.586206896551724,65.98233018696676,3.5316687953281636,30.486001017705114,68178376.4045829,1527916.9925191978,-124447592.9733021,235794663.69654262,330782.6834996678,101.55566991901763,49831883.87088812,1.0014565268145836,95238557.04699983,0.0,0.0,115390013.88797775,95015.23143261671,100.2493860195418,20309185.846738692,1.000824105403875,4482552.0214202115,0.0,-121929458.75608997,240430057.02482954,522416.76955390285,0.018185334615350567,114892176.62353611,1.0021775851838852,1.0016213642429315,0.0,0.0009665420000004588,1.8666999999084055e-05,0.00010379199999910327,0.00029129199999999855,0.001482042000001016,0.0002799160000002132,0.0006631669999990208,0.0038054179999988946,0.0,0.0019186820662915327,0.005340478239795443,0.01223617549303091,0.0051502808921912255
54,54.0,126.69,-6950.158944059665,0.004002079139077727,-0.2896416395412034,2018805.6960740078,0.0,50000000.000000015,900596.523840611,0.0,64.0,7.0,29.0,101.53907691161317,101.53907691161325,5.586206896551724,65.95021477102668,3.527839844951913,30.521945384021446,68042117.67748243,1782758.9625838595,-124447592.9733021,236258197.14335835,463533.4468156276,102.75960405331884,51395336.82782133,1.0018934796214172,95113777.10405348,0.0,0.0,115547742.89373852,157729.00576077402,101.53907691161325,20658774.70467582,1.0013669207624318,4264931.369252908,0.0,-121929458.75608997,241304187.40104625,874130.3762167918,0.025854333148202884,116360377.63747656,1.0036357093334876,1.0023618671177885,0.0,0.0009645830000000188,1.866600000077767e-05,0.00010404200000024844,0.0002907919999994846,0.001482708000001054,0.00028016599999958203,0.0006436250000003696,0.003784582000001535,0.0,0.004653535520836138,0.00667618818053195,0.0159007756741123,0.008056820851464933
55,55.0,126.95,-6723.714788130183,0.003972749221737918,-1.1696585392846441,2178484.8257125313,0.0,50000000.00000004,963611.5374721353,0.0,64.0,7.0,29.0,101.35782106830177,101.35782106830186,5.586206896551724,65.86273480100797,3.526690264914387,30.610574934077636,68920673.19617866,1911413.8231576183,-124447592.9733021,236480923.55047917,222726.40712092863,102.61343061775298,51416897.64858689,1.0008358719948196,95737552.49276052,0.0,0.0,115772551.80872929,224808.91499075294,101.35782106830186,20081823.72964782,1.0019455933050765,2258083.5035675806,0.0,-121576833.69740792,242554767.76281938,1250580.3617730993,0.02287002704240969,118962463.8018513,1.0051826085606321,1.0021741060906233,0.0,0.0009619589999996236,1.8791000000462077e-05,0.00010400000000032605,0.0002877919999999534,0.001301707999999735,0.0002863330000000275,0.0006454999999991884,0.003606082999999316,0.0,0.005299974056547141,0.009245210733312303,0.02297308156076827,0.01070134180014483
56,56.0,126.09,-7351.840082775492,0.003991301010280384,0.73503330086843,1962227.7060257853,0.0,49999999.99999999,1062951.6719052196,0.0,64.0,7.0,29.0,100.61500304537752,100.61500304537755,5.586206896551724,65.83837524437568,3.5273231576999695,30.634301597924296,68823455.43284987,2094180.8798520176,-124433672.05225052,236446637.78883684,-34285.76164239738,101.81648932299666,51215071.82889128,0.9999336823169765,95692136.50067832,0.0,0.0,115819376.22240831,46824.41367903352,100.61500304537755,19995629.09006572,1.000404451771577,2208170.927065507,0.0,-121493560.8026931,242797381.00282672,242613.24000741594,0.012103081190677654,118293591.3883503,1.001000243767022,1.0002759389993119,0.0,0.0009627919999992685,1.8750000000622435e-05,0.0001037079999992585,0.0002842080000000635,0.0014907500000003182,0.0002842499999999859,0.0006550419999999946,0.0037994999999995116,0.0,0.006058226972045944,0.010090238859170597,0.02533814348019514,0.011931643591507937
57,57.0,126.2,2412.5733172256587,0.003963182893983149,-1.124603485578995,2439968.6473678825,0.0,50000000.00000002,1109687.8421369242,0.0,64.0,7.0,29.0,101.08485104144138,101.0848510414413,5.586206896551724,65.86294344377062,3.531657280906045,30.60539927532333,67295157.90118471,2188165.7137137474,-124422749.79054686,235976134.4555284,-470503.33330843644,102.38719185911229,51193089.80660376,0.9979357973053002,95125237.67556645,0.0,0.0,115687765.59074403,-131610.63166427612,101.0848510414413,20584393.024281826,0.9988636561864093,5548358.102727817,0.0,-121493560.8026931,241995323.11810893,-802057.8847179023,0.009700714055517468,115060436.05947208,0.996696586625306,0.9976413763297797,0.0,0.0009676670000011711,1.8708000000700054e-05,0.00010412500000001046,0.00028770800000010865,0.0013027500000006853,0.00028387499999915633,0.0006543750000016502,0.003619208000003482,0.0,0.003262352836325144,0.008465760095947461,0.0207142072047235,0.008687629111334229
58,58.0,125.22,1038.824607792485,0.0039901492922740514,1.0738693969804733,1897318.2010564597,0.0,50000000.00000001,1319498.5007926452,0.0,64.0,7.0,29.0,100.37272344441199,100.3727234444119,5.586206896551724,65.84857133328214,3.532342164540666,30.61908650217715,67118173.59663634,2581681.2854571096,-124383624.74560142,235923479.61525258,-52654.84027574537,101.43512382977883,51953001.2991098,0.9997405449962404,94847771.14474586,0.0,0.0,115709630.69984828,21865.1091042161,100.3727234444119,20706435.88384125,1.0001890010494419,5237723.321745707,0.0,-121493560.8026931,242102354.96489292,107031.84678407578,-0.0011951388447943587,114481430.24252096,1.0004422913902387,0.999975443374224,0.0,0.0009576669999997733,1.874999999884608e-05,0.00010412500000001046,0.00028995899999983976,0.0014842499999989656,0.00028116600000061,0.0006649999999996936,0.003800916999997739,0.0,0.0037774946875099857,0.00867448274831717,0.02130527480958544,0.00920334008716837
59,59.0,125.32,6032.707159623998,0.00399020411799517,-0.004087043069625662,2459401.4703717967,0.0,50000000.0,1254202.380069356,0.0,64.0,7.0,29.0,101.05568229600908,101.05568229600918,5.586206896551724,65.85596557865937,3.5389847895978477,30.6050496317428,65779927.264770925,2455885.0354733076,-124383624.74560142,235190758.83880046,-732720.7764522117,102.01159914658274,53499308.86206409,0.9967442241333071,93936766.73678815,0.0,0.0,115554207.02858712,-155423.67126113176,101.05568229600918,21638392.780355375,0.9986567784347675,8702485.366413651,0.0,-121493560.8026931,241212714.36695978,-889640.5979331927,-0.002059945234809557,111111975.43690175,0.9963253369140167,0.9967566256408152,0.0,0.0009637080000004516,1.8666999999084055e-05,0.00010391700000056403,0.00028466700000073786,0.0013067079999995457,0.00028391700000085507,0.0006668340000004491,0.0036284180000016875,0.0,-0.0007568858083507601,0.006696934074035488,0.01593933345911469,0.004606785170981258
60,60.0,125.35,-5801.900708946065,0.004034742606229403,1.765637556599176,1765918.0611923079,0.0,49999999.99999999,1298143.387195939,0.0,64.0,7.0,29.0,101.05707082817912,101.05707082817904,5.586206896551724,65.86332432138343,3.537544268779867,30.59913140983666,65599013.33895861,2542535.5247657956,-124383624.74560142,235355488.930175,164730.09137457283,102.07685294882097,54678421.49311793,1.0008184649696235,93974042.21404123,0.0,0.0,115575159.51714352,20952.48855639994,101.05707082817904,21610721.81168511,1.0001813217285218,8915479.75161247,0.0,-121493560.8026931,241308021.60600844,95307.23904872044,-0.003165412987640159,110929504.0444349,1.0003951184436315,1.0006510944502087,0.0,0.0009694999999982912,1.862500000093803e-05,0.0001034579999998897,0.000288708999999443,0.0013030419999999765,0.00028349999999832676,0.0006558749999996394,0.0036227089999965045,0.0,0.00045684607660945176,0.007552824001150205,0.018262929210614676,0.0061173286401888195
61,61.0,126.42,1647.1157626640343,0.004027687989377583,-0.28382887485058034,2138221.306239965,0.0,49999999.99999999,1165923.6090650435,0.0,64.0,7.0,29.0,102.18506554398029,102.18506554398029,5.586206896551724,65.8537239783686,3.538401538309685,30.607874483321694,65306020.68581981,2303063.4790312937,-124383624.74560142,235283721.36627257,-71767.56390243955,103.25901405751542,55459840.59369312,0.9997299963761094,93743571.05093703,0.0,0.0,115584764.02572633,9604.508582815528,102.18506554398029,22030085.91075107,1.000083101841459,10160148.293543272,0.0,-121493560.8026931,241338544.59874052,30522.992731943214,0.006012444144044522,110635668.55296314,1.0001264902745726,0.9998696969892381,0.0,0.0009712920000009007,1.8750000000622435e-05,0.00010354200000151081,0.0002867090000009398,0.001487250000000273,0.0002834170000003411,0.0006522079999999875,0.0038031680000045753,0.0,0.00039096321087783714,0.007739791672167984,0.018769390931161034,0.006235125242050274
62,62.0,126.99,4143.0618282797805,0.004003458395627068,-0.961240121684972,2328497.275682376,0.0,50000000.00000002,1128090.0348325449,0.0,64.0,7.0,29.0,102.00639826436787,102.00639826436796,5.586206896551724,65.83080406446481,3.533485951215903,30.63570998431932,66369729.950435735,2238377.3988028886,-124383624.74560142,235913942.47187155,630221.1055990099,103.4196372430674,53531093.226051964,1.0028647636592656,94818436.30106066,0.0,0.0,115773656.96168807,188892.93596173823,102.00639826436796,21058975.838309944,1.0016342373283704,7709880.05366682,0.0,-121493560.8026931,242289377.6491995,950833.0504590571,0.008051052137640013,113588655.47483632,1.0039398400379012,1.0030903989659072,0.0,0.0009599169999994217,1.8750000000622435e-05,0.00010433399999953963,0.0002902919999989706,0.0014842079999990432,0.0002809590000012463,0.0006647080000004024,0.0038031679999992463,0.0,0.0001101819076405608,0.007969399012458078,0.01907421215303673,0.006159895876142676
63,63.0,126.37,972.1426527162112,0.004008852117388877,0.20760354001923118,2210536.2937001563,0.0,49999999.99999998,1102984.597775425,0.0,64.0,7.0,29.0,101.39275252109844,101.39275252109859,5.586206896551724,65.81332621971382,3.5315645796617465,30.65510920062443,67040771.71846172,2177877.5565762576,-124383624.74560142,236191107.20168692,277164.7298153639,102.62655044961292,54443428.66248475,1.0011754745057726,94885455.78048436,0.0,0.0,115877412.13937058,103755.17768250406,101.39275252109859,20893568.594156653,1.0008961898622315,6360238.397756688,0.0,-121493560.8026931,242792096.33119616,502718.68199671956,0.002717615044385827,114387607.13879733,1.0020748666900567,1.0014167483141672,0.0,0.000964708999999786,1.866600000077767e-05,0.00010391700000056403,0.000288167000000783,0.0014839580000014507,0.00028529099999907714,0.0006437919999999764,0.003788500000002415,0.0,0.0012327934795035578,0.008444608313780577,0.020134406555180062,0.007219088309849135
64,64.0,126.29,-1515.4378881155135,0.003999804874733896,-0.3645267182327814,2255277.329655037,0.0,50000000.000000015,998645.426624088,0.0,64.0,7.0,29.0,101.52935548826308,101.52935548826316,5.586206896551724,65.84611704436195,3.5326763313704492,30.621206624267536,66545590.087308295,1970608.2957555635,-124383624.74560142,236033840.41430986,-157266.78737710137,102.80251605898083,53061983.725762546,0.9993573373962674,94574645.00775187,0.0,0.0,115779024.37464105,-98387.76472955942,101.52935548826316,21195576.534114417,0.999150932326559,7999426.722225727,0.0,-121493560.8026931,242241406.33924705,-550689.9919490917,0.001964417403663277,112679890.44210662,0.9977318455909329,0.9988714964178408,0.0,0.000964167000001126,1.8750000000622435e-05,0.00010408299999831172,0.00028612500000058105,0.0012978330000006366,0.00028166699999943035,0.0006563750000001534,0.0036090000000008615,0.0,0.0009362448087619768,0.007851186308074354,0.018626633523407987,0.006550503440961186
65,65.0,125.82,-8601.84445728243,0.00399495393776419,-0.1987932273478769,1616225.8572391088,0.0,50000000.0,1089348.477702115,0.0,64.0,7.0,29.0,101.30022238761283,101.30022238761282,5.586206896551724,65.86943310641192,3.5309195672311695,30.599647326356923,66497577.40041177,2141591.0228825016,-124383624.74560142,236216935.79291162,183095.3786017252,102.32695914942883,52018619.261422284,1.0008482877419491,94264730.11626326,0.0,0.0,115770221.5418663,-8802.832774728537,101.30022238761282,21431031.06545158,0.9999239686737535,7816790.531191499,0.0,-121493560.8026931,242172877.96702537,-68528.37222171652,-0.0014584476558881414,112447058.30495952,0.9997171066031195,1.0004555428769148,0.0,0.0010132499999997435,1.8917000000229223e-05,0.00010462499999874808,0.00029299999999921056,0.0015692919999992228,0.00030012499999898523,0.0006877090000010355,0.003986917999997175,0.0,0.0035222665728307234,0.00849010434939479,0.02041571870927461,0.008769116336758935
66,66.0,125.58,-8213.990025870717,0.0039803410851582035,-0.5869303664267342,1835152.2546882727,0.0,50000000.0,979198.3448715082,0.0,64.0,7.0,29.0,101.17736614606865,101.17736614606874,5.586206896551724,65.87358811823835,3.533889624201386,30.592522257560304,66332235.0119544,1921370.7523275623,-124376013.12396473,235881484.82879478,-335450.9641167978,102.25844972645986,53033599.75504745,0.9985549411407829,94129917.6797869,0.0,0.0,115695761.1817148,-74460.36015148461,101.17736614606874,21529381.6180888,0.9993568263137116,8730926.403558819,0.0,-121493560.8026931,241757409.6388441,-415468.3281812802,-0.003988791733651934,111322305.88912547,0.9982844100290538,0.9985326190804865,0.0,0.0009829579999998117,1.8874999998530484e-05,0.00010916699999974355,0.00029516700000087326,0.0013380000000005055,0.00028312499999927354,0.0006486250000001803,0.0036759169999989183,0.0,0.001501790438263706,0.007314037841960719,0.01731140456457947,0.006493435853154068
67,67.0,125.12,-1943.1556256628355,0.0040108066764018785,1.2087690050637279,1560897.8768918533,0.0,50000000.0,1046167.2611646977,0.0,64.0,7.0,29.0,100.80727678794666,100.80727678794666,5.586206896551724,65.90506890381265,3.5323909979214956,30.562540098265846,66042488.06798044,2045256.9955769842,-124376013.12396473,236019927.16543075,138442.33663607575,101.88990133867291,53177148.6216763,1.0007107853644892,94061426.05292837,0.0,0.0,115659299.29787567,-36461.8838391304,100.80727678794666,21523433.410292152,0.9996848468477434,9127468.61325902,0.0,-121493560.8026931,241546793.09537733,-210616.5434667458,-0.007558119077408627,110521894.56583904,0.999128810202816,1.0001801968714317,0.0,0.0009625419999998996,1.8707999998923697e-05,0.00010412500000001046,0.0002890000000004278,0.001484957999998926,0.00027920900000033555,0.0006529579999998703,0.0037914999999983934,0.0,0.0032234379744398023,0.006335877000220869,0.014788130296215174,0.006795069479559335
68,68.0,125.51,6329.762465962893,0.0039891699089811845,-0.8626372040102954,2143927.101007731,0.0,49999999.99999999,1144542.2664819711,0.0,64.0,7.0,29.0,101.57885721869457,101.57885721869447,5.586206896551724,65.91304780884114,3.534825031041559,30.55212716011732,65235044.64294822,2244554.685408628,-124367331.0015193,235734142.18754888,-285784.97788207093,102.5012904045755,54256655.38305939,0.9987915603907932,93425003.22855292,0.0,0.0,115584859.46322057,-74439.83465515077,101.57885721869447,22231358.702429753,0.9993563869476381,10656288.687945606,0.0,-121493560.8026931,241142923.98179117,-403869.1135861997,-0.002964817877904139,109341470.0729227,0.9983279880255957,0.998696662263865,0.0,0.0009614579999990269,1.858299999923929e-05,0.00010416699999993284,0.0002892910000014126,0.0015025000000008504,0.00031391699999971934,0.0006690000000002527,0.003858916000000434,0.0,0.0025764366130114347,0.004832828248057863,0.010954013789480133,0.005163881408640607
69,69.0,125.26,7896.2597073096695,0.00396766331816687,-0.8621017944806971,1979478.6019797926,0.0,49999999.999999985,1189105.390886576,0.0,64.0,7.0,29.0,101.0308781496878,101.03087814968772,5.586206896551724,65.87737759363065,3.535907386542539,30.58671501982675,65899681.8652939,2327302.20722582,-124313039.6310648,235680154.65959623,-53987.52795247268,102.06534042105089,53472853.0495301,0.9996709350149401,93916899.75573741,0.0,0.0,115656361.93098268,71502.46776212752,101.03087814968772,21699594.158327255,1.0006186144802545,9021845.940501781,0.0,-121493560.8026931,241491319.5635614,348395.58177024743,-0.005145718765000102,110761984.77003261,1.0014447674462748,1.0002516839825992,0.0,0.0009819999999987061,1.8959000000151605e-05,0.0001068750000001728,0.0002949169999997281,0.001329959000001324,0.00028279100000005997,0.0006534999999985303,0.003669000999998673,0.0,0.000514010644935059,0.0037363447071248057,0.008019302214725466,0.0029161085845275593
70,70.0,124.69,-5142.778485470553,0.003975475300654641,0.3062869500807561,1777825.7956235362,0.0,50000000.000000015,1202601.3926511318,0.0,64.0,7.0,29.0,100.48619597130163,100.48619597130163,5.586206896551724,65.87977234783692,3.537375718826183,30.58285193333686,65801887.84511222,2343005.744526088,-124313039.6310648,235509679.03637072,-170475.62322549662,101.55186310623033,54308549.03076967,0.9993126595491405,93965794.08937548,0.0,0.0,115616493.91406465,-39868.01691801846,100.48619597130163,21556370.969561804,0.9996552890281832,9205092.110023076,0.0,-121493560.8026931,241277391.51322743,-213928.0503339603,-0.008821104713973238,110078587.07378054,0.9991141397399486,0.9992790728680078,0.0,0.0009715420000002695,1.8792000000544817e-05,0.00010445899999922403,0.00029062500000165414,0.0014894590000000818,0.00028200000000033754,0.0006533330000006998,0.0038102100000028116,0.0,-2.229656213859066e-05,0.003366330257732253,0.007148843767765589,0.0022945380109245807
71,71.0,124.67,-5072.269688080996,0.003974541465457121,-0.04355730423954998,1844375.7743651613,0.0,50000000.0,1294470.4507747355,0.0,64.0,7.0,29.0,100.68404451343872,100.6840445134388,5.586206896551724,65.90268225237405,3.5389913068919157,30.558326440734042,65106957.717417695,2521587.985907598,-124313039.6310648,235291902.13357455,-217776.90279624006,101.75361225419489,55099098.74527744,0.999067581433161,93642558.8194793,0.0,0.0,115522165.0589373,-94328.8551273644,100.6840445134388,21880562.007866856,0.9991841228536347,10436521.398410741,0.0,-121493560.8026931,240777239.9864966,-500151.5267307974,-0.0076054761268726755,108833385.07956836,0.9979270731155394,0.9987449919204839,0.0,0.0009699580000006591,1.8707999998923697e-05,0.00010466700000044682,0.0002941669999998453,0.001306666999999706,0.00028299999999958914,0.0006444590000000971,0.0036216259999992673,0.0,-0.0011969130406702666,0.0020370640663793793,0.003717896742294391,0.0004547601938829593
72,72.0,124.61,-869.4620934039849,0.003931195633081563,-1.7375214278175433,1729529.9124363158,0.0,49999999.99999999,1461826.4340611156,0.0,64.0,7.0,29.0,100.66039393143664,100.66039393143673,5.586206896551724,65.8864457293845,3.540884283478818,30.572669987136646,64961993.442349374,2846221.7491930565,-124313039.6310648,235110120.7646928,-181781.36888175784,101.62187033492842,56248683.22029121,0.9991028909466488,93596652.96529852,0.0,0.0,115523120.82734612,955.7684088647366,100.66039393143673,21920342.91278011,1.0000082734634377,10064880.937141972,0.0,-121493560.8026931,240763467.28067213,-13772.705824492306,-0.005875520781507304,109156490.15320271,0.9999427990804742,0.9994098410816334,0.0,0.0009644999999984805,1.862500000093803e-05,0.00010395800000040367,0.0002871670000015314,0.0013072080000000597,0.00028387499999915633,0.0006468339999994299,0.0036121669999999995,0.0,-0.0017884728271181372,0.0019785955458535565,0.0035673468673633746,2.8409670389519805e-05
73,73.0,123.51,5611.744967474224,0.003968231143751587,1.4892576995766273,2002725.3339831254,0.0,50000000.000000015,1519510.946397859,0.0,64.0,7.0,29.0,99.56260476503094,99.56260476503087,5.586206896551724,65.85784898013121,3.544324488665484,30.59782653120324,65505495.19466492,2932418.702962493,-124313039.6310648,234767523.466659,-342597.2980337874,100.4275830595225,55153634.70472252,0.9984675137751532,93746140.66903843,0.0,0.0,115516995.87807867,-6124.949267506599,99.56260476503087,21581765.769425567,0.9999469807496226,8652944.556224924,0.0,-121493560.8026931,240714931.8930377,-48535.387634404775,-0.013846462950866905,109608707.85668561,0.9997984107903011,0.9989570365977589,0.0,0.0009778329999985402,1.8792000000544817e-05,0.00010500000000135401,0.0002925420000003953,0.0014888750000014994,0.00028037500000088755,0.0006509579999995907,0.003814375000002812,0.0,-0.004723955519861045,0.0011004590936625203,0.001184872982563867,-0.0026026862312111708
74,74.0,123.99,496.83018892546534,0.003962210210791332,-0.24712958444766747,2468141.116391923,0.0,50000000.000000015,1450723.431123511,0.0,64.0,7.0,29.0,100.50057688732403,100.50057688732393,5.586206896551724,65.89577885247644,3.547871355979976,30.556349791543603,64322015.24025887,2810549.9722656896,-124313039.6310648,234283770.9471383,-483752.51952073583,101.33898290497888,56736531.65712895,0.9980263532835878,92988530.14255454,0.0,0.0,115327906.43846403,-189089.43961462379,100.50057688732393,22427656.59342718,0.9983631028648442,11730394.954610923,0.0,-121493560.8026931,239755213.2156036,-959718.6774341896,-0.00709577057971096,106961115.8941008,0.9960130619073968,0.9974660712551803,0.0,0.0009719169999993227,1.8666999999084055e-05,0.00010370899999934124,0.00028962499999884983,0.0014989999999990289,0.000287083999999993,0.0006457500000003336,0.0038157519999959533,0.0,-0.008594759260161844,-0.0019025594941882717,-0.006419158816929449,-0.0074953811480063
75,75.0,124.16,-6215.204571730108,0.00394626501274813,-0.6451090876472674,1947571.1741130291,0.0,49999999.99999998,1603840.9279125102,0.0,64.0,7.0,29.0,100.34808898679968,100.34808898679968,5.586206896551724,65.88655291595734,3.5455697577887126,30.56787732625394,64845921.78830156,3111451.4001502697,-124313039.6310648,234582461.79190335,298690.84476502147,101.24936577084094,56204880.48096939,1.0013248891077065,93466351.71186592,0.0,0.0,115416186.73598172,88280.29751771688,100.34808898679968,21984992.669541214,1.0007654721241719,9808585.94483271,0.0,-121493560.8026931,240185071.65140483,429858.4358011957,-0.004253212693626437,109033431.53343149,1.0017929029837958,1.001421453942925,0.0,0.000966375000000852,1.8832999998608102e-05,0.00010450000000084003,0.0002897500000003106,0.0013100000000001444,0.0002815840000014447,0.0006706249999997027,0.0036416670000019025,0.0,-0.008086125440746605,-0.0030781482068072963,-0.009769740154221385,-0.00822381530127854
76,76.0,123.67,190.90505278590717,0.00391319832083169,-1.3364309645924015,2224432.2616208084,0.0,50000000.00000003,1529504.1930525815,0.0,64.0,7.0,29.0,99.94425626035992,99.94425626035992,5.586206896551724,65.85079558505555,3.548262668278246,30.600941746666187,65597744.412176564,2955527.8680439494,-124313039.6310648,234348579.18254936,-233882.60935399914,100.5793653881571,53192878.09077834,0.9989031973761694,93392866.00730188,0.0,0.0,115451344.38140714,35157.64542540908,99.94425626035992,21976115.412656546,1.000304616245084,8524946.516006337,0.0,-121493560.8026931,240335578.28095728,150506.62955248973,-0.0067856073033299375,109890583.60316738,1.0006266271699469,0.9995010913371888,0.0,0.0009675420000014867,1.8667000000860412e-05,0.00010404200000024844,0.0002927090000000021,0.0014964580000000893,0.0002792500000001752,0.0006516249999997115,0.0038102930000025736,0.0,-0.009109133116176005,-0.0031776361866641123,-0.010139336182011016,-0.008992687220202326
77,77.0,122.83,-4316.426568977942,0.0039000196721980683,-0.5408809670582482,1830345.3936653563,0.0,49999999.999999985,1399031.3468227845,0.0,64.0,7.0,29.0,99.10679959693176,99.10679959693184,5.586206896551724,65.88647634094883,3.54793137552903,30.565592283522093,65854896.86962856,2685047.192660041,-124251571.5558174,234330163.2247971,-18415.957752310205,99.83706409009422,53578879.95115863,1.0000245803314893,93519711.3662323,0.0,0.0,115368981.41995838,-82362.96144872904,99.10679959693184,21704402.419151153,0.9992866002393475,8673103.505909815,0.0,-121493560.8026931,239909090.92186666,-426487.3590905204,-0.012621405983874458,108999825.03901036,0.9982254575886859,0.9994511761296265,0.0,0.0009649999999989944,1.8708000000700054e-05,0.00010491699999981563,0.00029212499999964336,0.0015050840000014887,0.00028370799999954954,0.0006505829999987611,0.003820124999998953,0.0,-0.007084632819904013,-0.002755556468376774,-0.008620951036994118,-0.007227129758253237
78,78.0,122.23,20.643873802415328,0.003932040742236682,1.297106536969869,1834380.3755429666,0.0,50000000.000000015,1356834.5896876224,0.0,64.0,7.0,29.0,98.77303330603438,98.77303330603422,5.586206896551724,65.94920344531073,3.5472619191402393,30.503534635549027,65368902.02740682,2591342.06089872,-124223646.4732757,234302941.19004986,-27222.034747141413,99.49428741790753,53924084.07794054,1.0000821424454396,93201764.47024943,0.0,0.0,115224113.78538346,-144867.63457494974,98.77303330603422,21920731.127626423,0.998744310361486,10104603.989675377,0.0,-121493560.8026931,239166489.3476133,-742601.5742534831,-0.013799764443725136,107039726.40136084,0.9969046604504453,0.9990670244210145,0.0,0.0009633749999995445,1.866600000077767e-05,0.00010450000000084003,0.00029141699999968296,0.0014884589999990538,0.0002831250000010499,0.0006532919999990838,0.0038028340000000327,0.0,-0.006733091674679947,-0.00419599398536008,-0.01212653310046874,-0.008119592849906307
